id,bbox,result
T001,"[107.3419189453125, 26.170229047478475, 107.34466552734375, 26.17269404488788]",1
T002,"[121.4813232421875, 44.2845367060189, 121.48406982421875, 44.28650289955314]",0
T003,"[124.24163818359375, 46.40945776747577, 124.244384765625, 46.411351502899215]",1
T004,"[113.961181640625, 44.048115730823504, 113.96392822265625, 44.05008982075679]",1
T005,"[121.62689208984375, 39.84439484396461, 121.629638671875, 39.84650360241769]",1
T006,"[121.0858154296875, 36.96306042436515, 121.08856201171875, 36.96525497589678]",1
T007,"[105.6170654296875, 37.37888785004525, 105.61981201171875, 37.38107035775657]",0
T008,"[115.10650634765625, 36.04909895906564, 115.1092529296875, 36.05131957502551]",1
T009,"[114.6368408203125, 35.58808520476323, 114.63958740234375, 35.59031875398378]",1
T010,"[110.63232421875, 22.268764039073968, 110.63507080078125, 22.271305748177635]",1
T011,"[125.30731201171875, 45.19752230305683, 125.31005859375, 45.19945769007777]",1
T012,"[118.0645751953125, 33.12375082971021, 118.06732177734375, 33.12605104079945]",1
T013,"[114.58740234375, 41.14970617453725, 114.59014892578125, 41.15177429844499]",1
T014,"[110.6048583984375, 41.914541301823334, 110.60760498046875, 41.91658511622837]",1
T015,"[93.13385009765625, 44.12308489306966, 93.1365966796875, 44.12505648268516]",1
T016,"[123.89556884765625, 45.571755041306055, 123.8983154296875, 45.57367765830109]",1
T017,"[101.43951416015625, 25.26953609822708, 101.4422607421875, 25.272019833438236]",1
T018,"[121.739501953125, 39.66068502219228, 121.74224853515625, 39.662799412187866]",1
T019,"[102.733154296875, 26.698998877374333, 102.73590087890625, 26.70145259031437]",1
T020,"[99.54986572265625, 26.394329964650204, 99.5526123046875, 26.396790205102665]",0
T021,"[112.22259521484375, 35.02324896091337, 112.225341796875, 35.0254981588326]",1
T022,"[95.01251220703125, 42.23868534753649, 95.0152587890625, 42.24071874922667]",0
T023,"[112.37640380859375, 26.152972606566962, 112.379150390625, 26.155437968713553]",1
T024,"[114.06829833984375, 26.177623883345746, 114.071044921875, 26.180088724387293]",1
T025,"[115.81787109375, 34.0094118622566, 115.82061767578125, 34.01168859910852]",1
T026,"[120.9210205078125, 32.81267007090917, 120.92376708984375, 32.8149783969858]",1
T027,"[111.39312744140625, 25.07316070640961, 111.3958740234375, 25.075648445630517]",1
T028,"[103.42254638671875, 23.543845136505837, 103.42529296875, 23.546363054291575]",1
T029,"[116.290283203125, 43.41302868475145, 116.29302978515625, 43.41502381964653]",1
T030,"[95.2734375, 37.33304051804566, 95.27618408203125, 37.33522435930639]",1
T031,"[105.062255859375, 35.447246055511464, 105.06500244140625, 35.44948352703148]",1
T032,"[118.63037109375, 38.04376510743968, 118.63311767578125, 38.04592811939909]",1
T033,"[113.50250244140625, 22.960922315176273, 113.5052490234375, 22.963451264973532]",0
T034,"[120.21514892578125, 36.798288873837045, 120.2178955078125, 36.800488165790796]",1
T035,"[91.65069580078125, 43.2592059294364, 91.6534423828125, 43.26120612479978]",1
T036,"[113.3184814453125, 23.400244245689258, 113.32122802734375, 23.402764905407942]",0
T037,"[112.12646484375, 39.83806817999999, 112.12921142578125, 39.840177132754896]",1
T038,"[101.810302734375, 25.378772315094956, 101.81304931640625, 25.381253810395094]",0
T039,"[100.909423828125, 27.24486252149728, 100.91217041015625, 27.24730436596228]",1
T040,"[115.91400146484375, 22.801503304669687, 115.916748046875, 22.804035225991186]",0
T041,"[111.40960693359375, 34.69194468425018, 111.412353515625, 34.694202959295495]",1
T042,"[100.26123046875, 25.522614647623286, 100.26397705078125, 25.52509317964987]",1
T043,"[108.3251953125, 37.477037796698056, 108.32794189453125, 37.47921744485059]",1
T044,"[111.4453125, 34.78673916270252, 111.44805908203125, 34.788994848251804]",0
T045,"[119.94598388671875, 34.42730166315868, 119.94873046875, 34.42956713470527]",0
T046,"[118.94622802734375, 37.24126187205382, 118.948974609375, 37.24344837865412]",0
T047,"[96.89117431640625, 40.16628125420654, 96.8939208984375, 40.168380093142446]",1
T048,"[111.4837646484375, 35.55680897384459, 111.48651123046875, 35.55904339525895]",1
T049,"[118.58642578125, 34.34343606848294, 118.58917236328125, 34.34570381052938]",1
T050,"[115.94970703125, 42.431565872579164, 115.95245361328125, 42.43359304732315]",1
T051,"[121.300048828125, 42.0370543018838, 121.30279541015625, 42.039094188385945]",1
T052,"[101.2005615234375, 27.576460076262705, 101.20330810546875, 27.578894602667848]",1
T053,"[131.02569580078125, 47.07573364231618, 131.0284423828125, 47.07760411715963]",0
T054,"[114.5709228515625, 40.99026477399688, 114.57366943359375, 40.9923379193123]",1
T055,"[132.92083740234375, 45.394592696926615, 132.923583984375, 45.39652136952786]",0
T056,"[111.8408203125, 34.66709959253006, 111.84356689453125, 34.66935854524544]",0
T057,"[118.5205078125, 34.678393740116476, 118.52325439453125, 34.68065238482745]",1
T058,"[114.88128662109375, 34.822822727237025, 114.884033203125, 34.82507742547059]",1
T059,"[131.47064208984375, 45.907211023476776, 131.473388671875, 45.90912212390728]",1
T060,"[107.193603515625, 37.61640705577993, 107.19635009765625, 37.618582632478805]",1
T061,"[117.388916015625, 37.61205571141281, 117.39166259765625, 37.61423141542417]",1
T062,"[99.84649658203125, 26.04444515079636, 99.8492431640625, 26.046912801683977]",1
T063,"[121.37969970703125, 43.99479043262446, 121.3824462890625, 43.99676629896823]",0
T064,"[110.050048828125, 26.12831612064241, 110.05279541015625, 26.130782003547665]",1
T065,"[124.18670654296875, 46.411351502899215, 124.189453125, 46.41324517257122]",1
T066,"[101.25823974609375, 27.54724154625327, 101.260986328125, 27.54967672076461]",1
T067,"[110.69000244140625, 41.82659537357171, 110.6927490234375, 41.82864200186054]",1
T068,"[110.06378173828125, 41.652392884268124, 110.0665283203125, 41.654445072031244]",1
T069,"[112.21435546875, 21.764601405743974, 112.21710205078125, 21.76715217524875]",1
T070,"[121.56097412109375, 39.77476948529546, 121.563720703125, 39.776880380637024]",1
T071,"[100.1568603515625, 25.55978725072875, 100.15960693359375, 25.562265014427496]",1
T072,"[112.73345947265625, 42.801446554843345, 112.7362060546875, 42.803461724170766]",1
T073,"[122.4151611328125, 46.263442671779885, 122.41790771484375, 46.26534147068603]",1
T074,"[119.4049072265625, 42.191899024471915, 119.40765380859375, 42.19393393313973]",1
T075,"[121.96197509765625, 41.74467659677641, 121.9647216796875, 41.74672584176937]",1
T076,"[115.29327392578125, 25.063209244186492, 115.2960205078125, 25.06569718553586]",1
T077,"[133.47564697265625, 47.98440682947525, 133.4783935546875, 47.98624517426206]",0
T078,"[102.53814697265625, 27.846361950155508, 102.5408935546875, 27.84879045986207]",1
T079,"[114.06829833984375, 43.86819814895608, 114.071044921875, 43.87017822557581]",1
T080,"[121.83837890625, 31.924192605327708, 121.84112548828125, 31.92652373311593]",1
T081,"[117.67181396484375, 34.22315802537975, 117.674560546875, 34.225429015241396]",0
T082,"[113.08502197265625, 22.228090416784486, 113.0877685546875, 22.230632864148646]",1
T083,"[120.41290283203125, 33.51391942394941, 120.4156494140625, 33.51620936110905]",0
T084,"[114.5050048828125, 35.04573815523954, 114.50775146484375, 35.04798673426733]",1
T085,"[96.78955078125, 40.89482963261177, 96.79229736328125, 40.89690577586]",1
T086,"[91.680908203125, 43.29320031385282, 91.68365478515625, 43.29519939210698]",1
T087,"[86.649169921875, 47.97337538577627, 86.65191650390625, 47.97521412341617]",1
T088,"[126.5020751953125, 50.213822097717525, 126.50482177734375, 50.215579670037265]",1
T089,"[102.18658447265625, 27.71514175672398, 102.1893310546875, 27.71757319835259]",1
T090,"[105.84228515625, 26.50990453141392, 105.84503173828125, 26.51236230386751]",1
T091,"[90.582275390625, 45.04053733158767, 90.58502197265625, 45.04247805089153]",1
T092,"[112.9229736328125, 34.98050244536519, 112.92572021484375, 34.98275281869194]",1
T093,"[90.97503662109375, 44.4808302785626, 90.977783203125, 44.48278989050158]",1
T094,"[86.26739501953125, 47.50235895196859, 86.2701416015625, 47.5042143997297]",1
T095,"[118.00689697265625, 42.59757641618889, 118.0096435546875, 42.599598213058606]",1
T096,"[110.38787841796875, 20.776659051878816, 110.390625, 20.779227002563236]",1
T097,"[118.048095703125, 31.632337053668728, 118.05084228515625, 31.63467554954134]",1
T098,"[116.09527587890625, 29.528060295064257, 116.0980224609375, 29.53045010749105]",1
T099,"[127.20794677734375, 44.87338919677926, 127.210693359375, 44.87533557756195]",0
T100,"[106.292724609375, 37.70120736474139, 106.29547119140625, 37.703380457832374]",1
T101,"[95.75958251953125, 40.63688312646408, 95.7623291015625, 40.638967343817235]",1
T102,"[118.12225341796875, 24.537129399079934, 118.125, 24.539627918861225]",0
T103,"[122.926025390625, 45.75027686430362, 122.92877197265625, 45.75219336063106]",1
T104,"[103.238525390625, 28.265682390146473, 103.24127197265625, 28.268101445445314]",1
T105,"[115.411376953125, 41.399475357337565, 115.41412353515625, 41.40153558289847]",1
T106,"[105.4962158203125, 31.870560361529577, 105.49896240234375, 31.872892847840685]",1
T107,"[101.81854248046875, 26.28110228390316, 101.8212890625, 26.28356493253138]",1
T108,"[120.6573486328125, 28.919227220721236, 120.66009521484375, 28.92163128242129]",1
T109,"[102.32391357421875, 28.270520445825408, 102.32666015625, 28.27293939128369]",1
T110,"[86.68487548828125, 47.89056441663247, 86.6876220703125, 47.89240610116926]",1
T111,"[124.0631103515625, 43.143082178099604, 124.06585693359375, 43.14508618416029]",1
T112,"[122.02789306640625, 29.159357041355424, 122.0306396484375, 29.161755515328835]",1
T113,"[109.53094482421875, 23.30190112418888, 109.53369140625, 23.304423652549666]",1
T114,"[99.86572265625, 26.022233955989, 99.86846923828125, 26.024702074198544]",1
T115,"[107.22381591796875, 37.58594229860422, 107.2265625, 37.58811876638321]",1
T116,"[95.7623291015625, 40.69729900863674, 95.76507568359375, 40.69938133866613]",1
T117,"[117.68829345703125, 42.36260292171997, 117.6910400390625, 42.36463232550284]",1
T118,"[106.01531982421875, 26.473031635843395, 106.01806640625, 26.475490196773805]",1
T119,"[117.8668212890625, 39.53793974517626, 117.86956787109375, 39.54005788576376]",0
T120,"[111.4178466796875, 34.7506398050501, 111.42059326171875, 34.75289647745205]",1
T121,"[123.02215576171875, 42.58342200132359, 123.02490234375, 42.5854442573849]",1
T122,"[82.4908447265625, 45.16073744197348, 82.49359130859375, 45.16267407976457]",1
T123,"[105.59234619140625, 38.097821233295114, 105.5950927734375, 38.09998264736479]",1
T124,"[132.29736328125, 47.212105775622426, 132.30010986328125, 47.213971458247585]",1
T125,"[129.93255615234375, 46.09799538927671, 129.935302734375, 46.09989991062731]",1
T126,"[112.17315673828125, 39.29817374735304, 112.1759033203125, 39.30029918615029]",1
T127,"[102.41180419921875, 25.020906514227494, 102.41455078125, 25.02339531396828]",1
T128,"[123.0303955078125, 42.708677817413104, 123.03314208984375, 42.71069600569495]",1
T129,"[118.4381103515625, 32.61624341272738, 118.44085693359375, 32.61855682784327]",1
T130,"[117.07305908203125, 23.433009077420355, 117.0758056640625, 23.435529112916885]",1
T131,"[129.81170654296875, 46.08275685027115, 129.814453125, 46.08466189789015]",1
T132,"[116.92474365234375, 31.1634593819847, 116.927490234375, 31.165809587861954]",1
T133,"[106.710205078125, 37.19970619616172, 106.71295166015625, 37.20189390773383]",0
T134,"[120.48431396484375, 28.90480168030353, 120.487060546875, 28.907206076336706]",1
T135,"[119.4378662109375, 28.016226126405627, 119.44061279296875, 28.01865082183305]",1
T136,"[114.8895263671875, 41.07728074262537, 114.89227294921875, 41.07935114946898]",1
T137,"[112.27752685546875, 38.85682013474362, 112.2802734375, 38.85895891044853]",1
T138,"[102.0849609375, 36.41907231092499, 102.08770751953125, 36.42128244364949]",1
T139,"[121.3714599609375, 40.96330795307352, 121.37420654296875, 40.96538194577487]",1
T140,"[99.86297607421875, 26.054315442680416, 99.86572265625, 26.0567828857788]",1
T141,"[86.7315673828125, 47.879512933970496, 86.73431396484375, 47.88135501149263]",1
T142,"[112.32421875, 41.94110578381596, 112.32696533203125, 41.94314874732696]",1
T143,"[123.46710205078125, 45.294211013377726, 123.4698486328125, 45.296143108956734]",0
T144,"[105.6500244140625, 31.940509258776462, 105.65277099609375, 31.942839972853076]",0
T145,"[113.10699462890625, 41.321138395239565, 113.1097412109375, 41.323201102238514]",1
T146,"[121.76422119140625, 44.26093725039923, 121.7669677734375, 44.26290423365537]",0
T147,"[121.9757080078125, 37.2456348218214, 121.97845458984375, 37.24782120155428]",1
T148,"[103.16986083984375, 28.231809851211835, 103.172607421875, 28.234229675051044]",1
T149,"[123.17047119140625, 42.81353658623225, 123.1732177734375, 42.81555136172695]",0
T150,"[121.7559814453125, 32.001088607540424, 121.75872802734375, 32.00341778396365]",1
T151,"[126.7822265625, 46.64943616335025, 126.78497314453125, 46.65132155014944]",0
T152,"[112.3077392578125, 35.05922870088871, 112.31048583984375, 35.06147690849716]",1
T153,"[118.24859619140625, 42.85784648372955, 118.2513427734375, 42.85985981506279]",1
T154,"[102.48321533203125, 23.453168015916184, 102.4859619140625, 23.455687666943387]",1
T155,"[110.49774169921875, 26.16529889631604, 110.50048828125, 26.16776399795338]",1
T156,"[121.5362548828125, 39.78110197709869, 121.53900146484375, 39.78321267821705]",1
T157,"[117.34222412109375, 37.72293542866175, 117.344970703125, 37.72510788462093]",1
T158,"[117.11700439453125, 49.52164252537975, 117.1197509765625, 49.52342546618328]",1
T159,"[118.05633544921875, 33.09384260312052, 118.05908203125, 33.09614359735856]",1
T160,"[128.682861328125, 44.633482344855295, 128.68560791015625, 44.63543682256857]",1
T161,"[117.0263671875, 42.08803181932636, 117.02911376953125, 42.09007006868397]",1
T162,"[100.3875732421875, 25.264568475331583, 100.39031982421875, 25.26705231219032]",1
T163,"[105.99334716796875, 37.2215804583865, 105.99609375, 37.22376753582357]",1
T164,"[105.75439453125, 38.171273439283084, 105.75714111328125, 38.1734326790354]",1
T165,"[114.7137451171875, 36.057981047025, 114.71649169921875, 36.06020141239291]",1
T166,"[122.662353515625, 44.625663775743526, 122.66510009765625, 44.62761851676016]",1
T167,"[120.92376708984375, 32.611616403170316, 120.926513671875, 32.61392993783565]",1
T168,"[110.89599609375, 26.11105348290953, 110.89874267578125, 26.113519730139508]",1
T169,"[108.51470947265625, 42.12471028710195, 108.5174560546875, 42.12674735753131]",1
T170,"[116.25732421875, 36.084621296069315, 116.26007080078125, 36.086840909511]",1
T171,"[106.732177734375, 27.96286901935916, 106.73492431640625, 27.965294915211118]",1
T172,"[111.40960693359375, 34.764178914455115, 111.412353515625, 34.7664352168417]",1
T173,"[108.78936767578125, 30.45577676937485, 108.7921142578125, 30.458144351018085]",0
T174,"[104.1009521484375, 26.775039386999598, 104.10369873046875, 26.777491459950603]",1
T175,"[114.4500732421875, 35.38681081644444, 114.45281982421875, 35.389049966911664]",1
T176,"[121.59393310546875, 43.739352079154706, 121.5966796875, 43.74133643108268]",1
T177,"[120.89080810546875, 43.29120116988416, 120.8935546875, 43.29320031385282]",1
T178,"[102.85125732421875, 25.794945475649676, 102.85400390625, 25.797418354662938]",1
T179,"[103.5296630859375, 25.386216648026632, 103.53240966796875, 25.38869799035083]",1
T180,"[94.6636962890625, 42.58746644784858, 94.66644287109375, 42.58948857271423]",1
T181,"[122.34649658203125, 42.81152174509789, 122.3492431640625, 42.81353658623225]",1
T182,"[129.627685546875, 46.0656084613869, 129.63043212890625, 46.067514101070515]",1
T183,"[115.21636962890625, 35.67737855391475, 115.2191162109375, 35.679609609368576]",0
T184,"[123.75823974609375, 45.257488690036205, 123.760986328125, 45.259422036351694]",1
T185,"[122.0855712890625, 37.08585785263673, 122.08831787109375, 37.08804885952269]",0
T186,"[117.45208740234375, 42.500453028125584, 117.454833984375, 42.5024779733487]",1
T187,"[104.08447265625, 26.782395446979752, 104.08721923828125, 26.784847361051195]",1
T188,"[119.83062744140625, 41.86751550737104, 119.8333740234375, 41.869560826994544]",1
T189,"[131.9073486328125, 47.32020688385241, 131.91009521484375, 47.3220687602135]",1
T190,"[120.1080322265625, 33.017876018554894, 120.11077880859375, 33.02017899916362]",1
T191,"[104.48822021484375, 26.944108009688595, 104.490966796875, 26.946556420812623]",0
T192,"[115.6640625, 44.323848072506884, 115.66680908203125, 44.325812949802206]",1
T193,"[103.2330322265625, 28.270520445825408, 103.23577880859375, 28.27293939128369]",1
T194,"[104.32891845703125, 25.81225454527343, 104.3316650390625, 25.814727063097394]",1
T195,"[115.66131591796875, 26.517277690994337, 115.6640625, 26.51973530566078]",1
T196,"[95.56732177734375, 40.68480366159125, 95.570068359375, 40.6868863821511]",1
T197,"[121.11053466796875, 40.91766362458113, 121.11328125, 40.91973905106219]",1
T198,"[106.5618896484375, 37.51190453731693, 106.56463623046875, 37.514083168101116]",1
T199,"[101.25, 25.594471277418855, 101.25274658203125, 25.596948323286117]",1
T200,"[121.3275146484375, 31.210452419007577, 121.33026123046875, 31.212801458338824]",0
T201,"[117.96844482421875, 32.18955998041357, 117.97119140625, 32.19188435632485]",0
T202,"[92.9058837890625, 44.103365377911516, 92.90863037109375, 44.105337625525486]",1
T203,"[91.09588623046875, 43.197167282501276, 91.0986328125, 43.199169514737505]",1
T204,"[86.605224609375, 48.01381248943335, 86.60797119140625, 48.01564978668939]",1
T205,"[113.5382080078125, 25.361400420622505, 113.54095458984375, 25.363882272740252]",1
T206,"[91.10137939453125, 44.47299117260251, 91.1041259765625, 44.474951047823005]",1
T207,"[118.114013671875, 24.91134942185059, 118.11676025390625, 24.913840438375946]",1
T208,"[112.78289794921875, 21.626792634799425, 112.78564453125, 21.62934584655107]",1
T209,"[87.14080810546875, 47.47266286861342, 87.1435546875, 47.47451936570432]",1
T210,"[112.80487060546875, 25.53748507175904, 112.8076171875, 25.539963296551075]",1
T211,"[108.59161376953125, 42.07783959017503, 108.5943603515625, 42.07987816698549]",1
T212,"[105.5291748046875, 25.836977400523697, 105.53192138671875, 25.839449402063185]",1
T213,"[131.9622802734375, 47.30344704386263, 131.96502685546875, 47.305309510775864]",1
T214,"[115.62835693359375, 26.463196866776766, 115.631103515625, 26.46565563783836]",1
T215,"[131.44317626953125, 45.89191985128208, 131.4459228515625, 45.89383147810291]",1
T216,"[102.623291015625, 32.808053238867515, 102.62603759765625, 32.810361684869]",0
T217,"[103.80706787109375, 24.434647305605743, 103.809814453125, 24.437147861615617]",1
T218,"[114.39788818359375, 34.95799531086791, 114.400634765625, 34.960246302573466]",1
T219,"[117.2186279296875, 38.27268853598096, 117.22137451171875, 38.27484476783283]",1
T220,"[112.1649169921875, 39.65434146406167, 112.16766357421875, 39.65645604812829]",1
T221,"[119.28955078125, 25.279470734081823, 119.29229736328125, 25.281954265954294]",0
T222,"[111.95343017578125, 31.388812925453347, 111.9561767578125, 31.391157522824702]",1
T223,"[117.3284912109375, 37.703380457832374, 117.33123779296875, 37.70555348721582]",1
T224,"[86.0284423828125, 47.5450176594057, 86.03118896484375, 47.54687159892238]",1
T225,"[100.03326416015625, 26.44106556403841, 100.0360107421875, 26.443524807695905]",1
T226,"[114.7576904296875, 35.6126508187567, 114.76043701171875, 35.61488368245437]",1
T227,"[103.82354736328125, 25.078136134310146, 103.8262939453125, 25.08062377244484]",1
T228,"[114.62310791015625, 36.06242171510889, 114.6258544921875, 36.064641955171396]",1
T229,"[110.38787841796875, 20.771523019513364, 110.390625, 20.77409105752739]",0
T230,"[101.722412109375, 23.526218362216593, 101.72515869140625, 23.52873661742201]",0
T231,"[112.291259765625, 35.05473209995072, 112.29400634765625, 35.05698043137264]",1
T232,"[120.289306640625, 33.65120829920498, 120.29205322265625, 33.65349459599045]",0
T233,"[129.75128173828125, 46.07704131270769, 129.7540283203125, 46.07894655768009]",1
T234,"[110.5169677734375, 26.15050719232891, 110.51971435546875, 26.152972606566962]",1
T235,"[108.687744140625, 30.363396239603723, 108.69049072265625, 30.36576606287574]",1
T236,"[114.74395751953125, 34.764178914455115, 114.7467041015625, 34.7664352168417]",1
T237,"[131.93206787109375, 47.28109232255293, 131.934814453125, 47.28295557691229]",1
T238,"[111.27227783203125, 24.736853484770684, 111.2750244140625, 24.739348013248684]",1
T239,"[102.43927001953125, 28.236649444014468, 102.4420166015625, 28.239069158099028]",0
T240,"[95.61676025390625, 40.68896903762433, 95.6195068359375, 40.691051628010236]",1
T241,"[116.17767333984375, 22.87744046489713, 116.180419921875, 22.879970973215126]",1
T242,"[132.94281005859375, 47.91266030842764, 132.945556640625, 47.91450120703987]",1
T243,"[105.66650390625, 37.15374960842943, 105.66925048828125, 37.15593865124462]",0
T244,"[116.1199951171875, 41.47771800887872, 116.12274169921875, 41.47977575214486]",1
T245,"[121.62139892578125, 31.154057975490822, 121.6241455078125, 31.156408414557]",1
T246,"[114.8675537109375, 35.4539582834493, 114.87030029296875, 35.45619556834375]",1
T247,"[109.59136962890625, 41.74672584176937, 109.5941162109375, 41.748775021355044]",1
T248,"[118.048095703125, 33.100745405144245, 118.05084228515625, 33.10304621868762]",1
T249,"[91.5216064453125, 43.76911045236617, 91.52435302734375, 43.7710938177565]",1
T250,"[100.3326416015625, 25.45071496435027, 100.33538818359375, 25.453194979524856]",1
T251,"[82.53204345703125, 45.18978009667531, 82.5347900390625, 45.191715747015415]",1
T252,"[117.38067626953125, 35.78885488168884, 117.3834228515625, 35.79108281624993]",1
T253,"[106.40533447265625, 37.5184402388786, 106.4080810546875, 37.520618678869305]",0
T254,"[108.9898681640625, 37.56199695314352, 108.99261474609375, 37.56417412088097]",1
T255,"[108.3251953125, 41.992160233376296, 108.32794189453125, 41.994201560315695]",1
T256,"[112.7197265625, 34.0094118622566, 112.72247314453125, 34.01168859910852]",1
T257,"[113.47503662109375, 36.13565654678543, 113.477783203125, 36.137874718407275]",1
T258,"[112.34344482421875, 31.203404950917392, 112.34619140625, 31.20575416529435]",1
T259,"[117.49053955078125, 49.5519436777949, 117.4932861328125, 49.55372551347579]",1
T260,"[120.9210205078125, 32.83344284664949, 120.92376708984375, 32.83575063295596]",1
T261,"[131.91009521484375, 45.45627757127798, 131.912841796875, 45.45820413751094]",1
T262,"[118.619384765625, 48.45835188280866, 118.62213134765625, 48.46017328524599]",1
T263,"[102.930908203125, 25.112958466940725, 102.93365478515625, 25.115445397061947]",0
T264,"[120.0201416015625, 42.6905111699824, 120.02288818359375, 42.6925299488386]",1
T265,"[102.0794677734375, 39.07890809706474, 102.08221435546875, 39.08104017748608]",0
T266,"[129.45465087890625, 46.15319980124841, 129.4573974609375, 46.155102414967125]",1
T267,"[106.55914306640625, 37.70120736474139, 106.5618896484375, 37.703380457832374]",1
T268,"[114.3402099609375, 41.78974487671898, 114.34295654296875, 41.791792682628916]",1
T269,"[106.97113037109375, 26.54922257769203, 106.973876953125, 26.551679508261206]",1
T270,"[117.57293701171875, 49.502025885539986, 117.57568359375, 49.50380954152213]",0
T271,"[110.2587890625, 41.13936457644674, 110.26153564453125, 41.14143302653628]",1
T272,"[121.915283203125, 31.758531633937164, 121.91802978515625, 31.76086695137953]",1
T273,"[113.7249755859375, 31.891550612684366, 113.72772216796875, 31.893882567548644]",1
T274,"[115.50201416015625, 43.671844983221604, 115.5047607421875, 43.67383157113291]",1
T275,"[118.037109375, 38.108627664321276, 118.03985595703125, 38.11078875872392]",1
T276,"[106.9354248046875, 26.318036522949065, 106.93817138671875, 26.320498387100198]",1
T277,"[111.35467529296875, 21.601258036965895, 111.357421875, 21.603811699620152]",1
T278,"[123.52752685546875, 45.30000710263141, 123.5302734375, 45.30193900072718]",0
T279,"[119.89654541015625, 34.26402647315289, 119.8992919921875, 34.26629636058355]",1
T280,"[120.64910888671875, 37.3461426132468, 120.65185546875, 37.348326073552954]",1
T281,"[110.38238525390625, 20.797201434306995, 110.3851318359375, 20.799769035496393]",1
T282,"[110.06378173828125, 30.855079286968582, 110.0665283203125, 30.857437108750215]",1
T283,"[103.8153076171875, 25.11047148622334, 103.81805419921875, 25.112958466940725]",1
T284,"[117.67181396484375, 42.65618189025384, 117.674560546875, 42.65820178455667]",0
T285,"[101.6619873046875, 25.52509317964987, 101.66473388671875, 25.527571660479637]",1
T286,"[114.609375, 39.62896140981414, 114.61212158203125, 39.63107677008366]",0
T287,"[120.4046630859375, 33.64892194168654, 120.40740966796875, 33.65120829920498]",1
T288,"[132.275390625, 47.2363545303284, 132.27813720703125, 47.23821935972679]",1
T289,"[99.6075439453125, 36.476515314829435, 99.61029052734375, 36.47872381162465]",1
T290,"[114.42535400390625, 31.557474155953216, 114.4281005859375, 31.55981453201842]",1
T291,"[118.5205078125, 36.080181881180145, 118.52325439453125, 36.0824016199585]",1
T292,"[112.0550537109375, 39.364032338047984, 112.05780029296875, 39.36615577588526]",1
T293,"[103.7603759765625, 24.913840438375946, 103.76312255859375, 24.916331404599077]",1
T294,"[117.22686767578125, 34.44995361537075, 117.2296142578125, 34.452218472826544]",1
T295,"[100.3106689453125, 25.460634718477532, 100.31341552734375, 25.463114529259425]",1
T296,"[99.18731689453125, 25.65390621209508, 99.1900634765625, 25.65638202576806]",1
T297,"[112.3077392578125, 31.87755764334002, 112.31048583984375, 31.87988995252351]",1
T298,"[117.0867919921875, 23.609295317664756, 117.08953857421875, 23.611811980488635]",1
T299,"[113.57391357421875, 25.344026029134326, 113.57666015625, 25.346508237892778]",1
T300,"[118.0975341796875, 33.3121678373862, 118.10028076171875, 33.31446310036172]",1
T301,"[112.5933837890625, 31.85889704445453, 112.59613037109375, 31.86122982593091]",1
T302,"[114.45281982421875, 41.033787135218645, 114.45556640625, 41.03585891144299]",1
T303,"[117.22137451171875, 38.69408504756832, 117.22412109375, 38.69622870885281]",1
T304,"[107.56439208984375, 40.136890695345905, 107.567138671875, 40.13899044275823]",0
T305,"[111.31072998046875, 34.90395296559005, 111.3134765625, 34.90620544067929]",1
T306,"[114.1644287109375, 35.30167705397599, 114.16717529296875, 35.30391856531169]",1
T307,"[114.9884033203125, 41.271613841889874, 114.99114990234375, 41.27367811566259]",1
T308,"[112.2967529296875, 38.49229419236133, 112.29949951171875, 38.49444388772505]",0
T309,"[103.2440185546875, 28.270520445825408, 103.24676513671875, 28.27293939128369]",1
T310,"[99.5965576171875, 36.54715598643371, 99.59930419921875, 36.54936246839778]",1
T311,"[122.2503662109375, 42.214279416375454, 122.25311279296875, 42.21631360434477]",1
T312,"[123.17047119140625, 42.803461724170766, 123.1732177734375, 42.80547682786029]",1
T313,"[114.071044921875, 31.538749033860967, 114.07379150390625, 31.541089879585815]",1
T314,"[119.036865234375, 36.15561783381854, 119.03961181640625, 36.15783544102625]",1
T315,"[121.63787841796875, 39.857046423130654, 121.640625, 39.85915479295669]",1
T316,"[97.18231201171875, 40.216635475391215, 97.18505859375, 40.21873275657032]",0
T317,"[99.5196533203125, 36.47430675509522, 99.52239990234375, 36.476515314829435]",1
T318,"[124.442138671875, 43.0287452513488, 124.44488525390625, 43.03075300142832]",1
T319,"[112.12646484375, 28.301962451766745, 112.12921142578125, 28.304380682962773]",1
T320,"[95.55908203125, 40.62437645591559, 95.56182861328125, 40.626461063673545]",1
T321,"[111.6650390625, 39.3194252312395, 111.66778564453125, 39.32155002466662]",1
T322,"[108.87451171875, 30.548069799103544, 108.87725830078125, 30.550435135095274]",1
T323,"[92.7740478515625, 44.32974250695348, 92.77679443359375, 44.33170718680922]",1
T324,"[112.0001220703125, 31.339562861784994, 112.00286865234375, 31.341908687971678]",1
T325,"[121.52801513671875, 43.739352079154706, 121.53076171875, 43.74133643108268]",1
T326,"[94.92462158203125, 43.71156424665851, 94.9273681640625, 43.713549519314284]",1
T327,"[122.50579833984375, 37.02229110771149, 122.508544921875, 37.02448395075964]",1
T328,"[111.74468994140625, 30.66862839743335, 111.7474365234375, 30.670990790779175]",1
T329,"[92.6861572265625, 44.28257044667386, 92.68890380859375, 44.2845367060189]",0
T330,"[113.7908935546875, 41.28812620433168, 113.79364013671875, 41.29018995588563]",1
T331,"[118.42437744140625, 42.720785962778336, 118.4271240234375, 42.72280375732726]",1
T332,"[102.568359375, 26.93431383339507, 102.57110595703125, 26.936762457231424]",1
T333,"[102.23876953125, 28.246327971048853, 102.24151611328125, 28.248747465587268]",1
T334,"[114.180908203125, 41.13522748056495, 114.18365478515625, 41.13729606112275]",1
T335,"[97.09442138671875, 40.89482963261177, 97.09716796875, 40.89690577586]",1
T336,"[114.21661376953125, 40.212440718286466, 114.2193603515625, 40.21453812929633]",1
T337,"[94.932861328125, 42.0574502202468, 94.93560791015625, 42.05948945192712]",1
T338,"[115.4278564453125, 29.616445727622533, 115.43060302734375, 29.61883344898782]",1
T339,"[108.050537109375, 37.41380035066288, 108.05328369140625, 37.41598184194612]",1
T340,"[122.58819580078125, 42.738943751243774, 122.5909423828125, 42.74096095516848]",1
T341,"[110.51422119140625, 26.143110637100616, 110.5169677734375, 26.145576207592267]",1
T342,"[119.40765380859375, 25.98520595593358, 119.410400390625, 25.987674852384956]",1
T343,"[86.6436767578125, 47.86845909334295, 86.64642333984375, 47.8703015638657]",1
T344,"[91.59027099609375, 43.22519255488631, 91.593017578125, 43.22719386727831]",1
T345,"[122.431640625, 37.40943717748788, 122.43438720703125, 37.411618795843026]",1
T346,"[106.0400390625, 37.538043909071625, 106.04278564453125, 37.54022177661215]",1
T347,"[102.73040771484375, 26.541851470138752, 102.733154296875, 26.544308558627407]",1
T348,"[120.85784912109375, 36.59127365634204, 120.860595703125, 36.59347887826919]",1
T349,"[114.88677978515625, 35.84676087681139, 114.8895263671875, 35.84898718690659]",1
T350,"[119.46258544921875, 25.468073997498145, 119.46533203125, 25.470553654947796]",0
T351,"[112.9449462890625, 34.98725337980077, 112.94769287109375, 34.9895035675793]",1
T352,"[113.5821533203125, 22.902743425252353, 113.58489990234375, 22.905273461757172]",0
T353,"[122.1185302734375, 44.729174340464525, 122.12127685546875, 44.73112559264326]",1
T354,"[86.8798828125, 47.63578359086485, 86.88262939453125, 47.63763431783611]",1
T355,"[96.92413330078125, 40.86991083161536, 96.9268798828125, 40.87198775669741]",1
T356,"[85.9185791015625, 47.51163553497823, 85.92132568359375, 47.51349065484327]",1
T357,"[104.37835693359375, 25.738055028213893, 104.381103515625, 25.740529092773215]",1
T358,"[115.0213623046875, 35.982451357840425, 115.02410888671875, 35.98467385243836]",1
T359,"[123.7664794921875, 45.205263456162385, 123.76922607421875, 45.20719857986464]",1
T360,"[121.10504150390625, 37.692514355327425, 121.1077880859375, 37.6946877032359]",1
T361,"[108.21807861328125, 29.84540862642843, 108.2208251953125, 29.847790904477115]",0
T362,"[101.20330810546875, 27.591066424185076, 101.2060546875, 27.59350062636446]",1
T363,"[95.59478759765625, 40.93011520598305, 95.5975341796875, 40.93219024146562]",1
T364,"[103.9251708984375, 27.22044113007616, 103.92791748046875, 27.222883510268804]",1
T365,"[103.91693115234375, 25.495347417365974, 103.919677734375, 25.49782651232102]",1
T366,"[105.65826416015625, 31.95682301589721, 105.6610107421875, 31.959153316146665]",0
T367,"[116.16119384765625, 43.52664646047306, 116.1639404296875, 43.52863784832999]",1
T368,"[96.7950439453125, 40.5951851158199, 96.79779052734375, 40.59727063442025]",1
T369,"[123.90655517578125, 44.14476875978378, 123.9093017578125, 44.146739625584985]",1
T370,"[117.59765625, 42.53284428171312, 117.60040283203125, 42.53486817758701]",1
T371,"[124.716796875, 46.19694327530827, 124.71954345703125, 46.19884437618253]",1
T372,"[120.8990478515625, 32.826519127839546, 120.90179443359375, 32.828827094089085]",1
T373,"[116.444091796875, 37.06394430056684, 116.44683837890625, 37.06613594074314]",1
T374,"[116.0650634765625, 29.52567042617583, 116.06781005859375, 29.528060295064257]",1
T375,"[95.61126708984375, 40.6306300839918, 95.614013671875, 40.632714496550626]",1
T376,"[118.03985595703125, 32.0849016635483, 118.0426025390625, 32.08722870829663]",1
T377,"[101.2939453125, 25.577130520235205, 101.29669189453125, 25.579607925105687]",1
T378,"[121.6461181640625, 39.84228602074339, 121.64886474609375, 39.84439484396461]",1
T379,"[97.40478515625, 37.04202441635082, 97.40753173828125, 37.044216689679715]",1
T380,"[105.8203125, 36.450008444470825, 105.82305908203125, 36.45221769643571]",1
T381,"[123.2666015625, 42.85583308674894, 123.26934814453125, 42.85784648372955]",0
T382,"[105.75439453125, 38.19286295796692, 105.75714111328125, 38.19502155795573]",1
T383,"[121.13800048828125, 37.02886944696474, 121.1407470703125, 37.03106210011893]",1
T384,"[110.1434326171875, 26.16776399795338, 110.14617919921875, 26.170229047478475]",1
T385,"[112.58514404296875, 41.104190944576466, 112.587890625, 41.106260503564485]",1
T386,"[111.7034912109375, 30.694611546632284, 111.70623779296875, 30.696973304399854]",1
T387,"[112.1978759765625, 39.947647823922495, 112.20062255859375, 39.94975340768179]",1
T388,"[106.907958984375, 26.374646153883504, 106.91070556640625, 26.37710681367005]",1
T389,"[115.279541015625, 35.42262976362147, 115.28228759765625, 35.42486791930557]",0
T390,"[112.77740478515625, 21.588489047779042, 112.7801513671875, 21.591042935724225]",1
T391,"[111.654052734375, 23.36494997255115, 111.65679931640625, 23.36747130375967]",0
T392,"[96.96533203125, 40.611867443030064, 96.96807861328125, 40.613952441166596]",1
T393,"[103.11767578125, 27.130035441479347, 103.12042236328125, 27.13247980102288]",1
T394,"[111.54144287109375, 25.132852490910697, 111.544189453125, 25.135339016130985]",1
T395,"[117.081298828125, 23.430488993882964, 117.08404541015625, 23.433009077420355]",1
T396,"[88.692626953125, 43.05484087957651, 88.69537353515625, 43.05684777584546]",1
T397,"[129.75677490234375, 46.067514101070515, 129.759521484375, 46.06941967496853]",1
T398,"[122.222900390625, 44.85781578061525, 122.22564697265625, 44.859762688042736]",1
T399,"[114.33197021484375, 26.086388149394864, 114.334716796875, 26.088854916793608]",1
T400,"[114.98016357421875, 35.9579997862207, 114.98291015625, 35.96022296929668]",1
T401,"[102.56561279296875, 27.97014654331592, 102.568359375, 27.972572275562516]",1
T402,"[115.07354736328125, 33.74718044814985, 115.0762939453125, 33.74946419232577]",1
T403,"[117.09228515625, 23.415367484022415, 117.09503173828125, 23.417887855721773]",1
T404,"[100.11016845703125, 26.649913524725033, 100.1129150390625, 26.652368294008866]",1
T405,"[103.1781005859375, 28.22697003891833, 103.18084716796875, 28.229389972499913]",1
T406,"[116.34246826171875, 42.25698360376745, 116.34521484375, 42.25901641570576]",1
T407,"[116.092529296875, 41.42831257152292, 116.09527587890625, 41.4303718826528]",1
T408,"[106.28997802734375, 41.57847058443443, 106.292724609375, 41.58052512561384]",0
T409,"[102.886962890625, 24.30955636323522, 102.88970947265625, 24.312059393849218]",1
T410,"[109.6270751953125, 41.7631174470059, 109.62982177734375, 41.76516610331407]",1
T411,"[116.03759765625, 36.905979885192956, 116.04034423828125, 36.90817608096905]",0
T412,"[103.21929931640625, 28.268101445445314, 103.2220458984375, 28.270520445825408]",1
T413,"[123.55224609375, 39.78954439311164, 123.55499267578125, 39.79165483525342]",1
T414,"[121.9427490234375, 41.75697108561416, 121.94549560546875, 41.7590199381554]",1
T415,"[110.8685302734375, 41.246837465376224, 110.87127685546875, 41.24890252240321]",1
T416,"[100.37933349609375, 21.813058268417542, 100.382080078125, 21.81560817566264]",0
T417,"[114.80712890625, 42.47817430242153, 114.80987548828125, 42.48019996901215]",1
T418,"[112.56591796875, 31.8518983458793, 112.56866455078125, 31.854231304426357]",1
T419,"[124.398193359375, 45.286481972782816, 124.40093994140625, 45.288414331673465]",1
T420,"[112.2418212890625, 33.282323920510336, 112.24456787109375, 33.28461996888768]",1
T421,"[114.9005126953125, 26.411550546622586, 114.90325927734375, 26.414010419978208]",1
T422,"[119.67132568359375, 33.14215083110535, 119.674072265625, 33.144450560077985]",1
T423,"[116.9384765625, 31.161109117806458, 116.94122314453125, 31.1634593819847]",1
T424,"[96.1907958984375, 40.613952441166596, 96.19354248046875, 40.616037374241856]",1
T425,"[110.98388671875, 25.500305556118672, 110.98663330078125, 25.50278454875534]",1
T426,"[118.49853515625, 37.99832709721296, 118.50128173828125, 38.00049145082288]",1
T427,"[119.17144775390625, 32.72953041348471, 119.1741943359375, 32.731840896865684]",1
T428,"[114.43359375, 31.534067166324203, 114.43634033203125, 31.536408129439618]",1
T429,"[101.86798095703125, 23.541327170505458, 101.8707275390625, 23.543845136505837]",1
T430,"[121.92626953125, 31.566835307893896, 121.92901611328125, 31.5691754490709]",1
T431,"[119.58343505859375, 32.948758637154214, 119.586181640625, 32.951063421523806]",0
T432,"[115.4388427734375, 29.816816857649936, 115.44158935546875, 29.81919981751383]",1
T433,"[117.01812744140625, 42.354484651067445, 117.0208740234375, 42.35651431705788]",1
T434,"[110.5499267578125, 25.522614647623286, 110.55267333984375, 25.52509317964987]",1
T435,"[106.0345458984375, 37.23907530202183, 106.03729248046875, 37.24126187205382]",1
T436,"[103.3428955078125, 26.081454458607535, 103.34564208984375, 26.083921329998343]",1
T437,"[87.77801513671875, 43.600284023536325, 87.78076171875, 43.602272978692746]",1
T438,"[120.926513671875, 32.59773394005743, 120.92926025390625, 32.60004783331759]",1
T439,"[101.84326171875, 26.290952564755834, 101.84600830078125, 26.29341500426578]",1
T440,"[112.31048583984375, 41.9778691117017, 112.313232421875, 41.979910896912344]",0
T441,"[100.118408203125, 36.33725319397005, 100.12115478515625, 36.33946565299957]",1
T442,"[104.10369873046875, 37.02229110771149, 104.1064453125, 37.02448395075964]",1
T443,"[114.873046875, 41.84092039757994, 114.87579345703125, 41.84296656785941]",1
T444,"[122.200927734375, 44.813018740612776, 122.20367431640625, 44.81496716213563]",1
T445,"[120.8770751953125, 37.49011473195045, 120.87982177734375, 37.49229399862877]",1
T446,"[118.87481689453125, 35.99356320483023, 118.8775634765625, 35.99578538642033]",0
T447,"[88.077392578125, 43.55053877556738, 88.08013916015625, 43.55252937447482]",1
T448,"[113.92547607421875, 41.86137915587359, 113.92822265625, 41.86342467181005]",1
T449,"[88.66241455078125, 43.07089421067247, 88.6651611328125, 43.072900581493215]",1
T450,"[118.421630859375, 32.921096538169245, 118.42437744140625, 32.92340204349887]",1
T451,"[123.277587890625, 42.88401467044253, 123.28033447265625, 42.88602714832882]",0
T452,"[113.57940673828125, 41.10005163093045, 113.5821533203125, 41.10212132036491]",1
T453,"[121.2066650390625, 43.97898113341921, 121.20941162109375, 43.980957526084836]",1
T454,"[107.63031005859375, 36.835668247244385, 107.633056640625, 36.837866465399735]",1
T455,"[114.1259765625, 31.676758418795504, 114.12872314453125, 31.67909579713164]",1
T456,"[90.8734130859375, 44.43377984606822, 90.87615966796875, 44.43574103767609]",1
T457,"[121.98394775390625, 37.23907530202183, 121.9866943359375, 37.24126187205382]",1
T458,"[95.7293701171875, 40.65563874006117, 95.73211669921875, 40.65772237175812]",1
T459,"[112.57965087890625, 41.67086022030499, 112.5823974609375, 41.67291181960209]",1
T460,"[121.89056396484375, 41.75492216766298, 121.893310546875, 41.75697108561416]",1
T461,"[96.3665771484375, 36.35052700542764, 96.36932373046875, 36.35273908735874]",1
T462,"[119.23736572265625, 36.120127589781454, 119.2401123046875, 36.12234620030519]",1
T463,"[99.8382568359375, 26.11598592533352, 99.84100341796875, 26.11845206848808]",1
T464,"[121.8328857421875, 40.019201307686764, 121.83563232421875, 40.02130468739708]",0
T465,"[113.68377685546875, 33.14215083110535, 113.6865234375, 33.144450560077985]",1
T466,"[90.63995361328125, 45.032773796059736, 90.6427001953125, 45.03471477868861]",1
T467,"[133.55804443359375, 47.63948497925489, 133.560791015625, 47.64133557512158]",1
T468,"[110.863037109375, 34.18226973974574, 110.86578369140625, 34.184541831417256]",1
T469,"[110.906982421875, 41.19105625669686, 110.90972900390625, 41.193123075718695]",1
T470,"[104.6722412109375, 26.853479438420027, 104.67498779296875, 26.855929815104982]",1
T471,"[118.1524658203125, 42.615770226370906, 118.15521240234375, 42.61779143282346]",1
T472,"[103.08746337890625, 23.73758343093913, 103.0902099609375, 23.740097624402257]",0
T473,"[110.994873046875, 34.320755275237396, 110.99761962890625, 34.323023630488315]",1
T474,"[114.35943603515625, 31.688444722033868, 114.3621826171875, 31.690781806136815]",1
T475,"[107.083740234375, 38.11943249695315, 107.08648681640625, 38.121593271659215]",1
T476,"[114.57916259765625, 42.04929263868684, 114.5819091796875, 42.05133213230168]",1
T477,"[107.7978515625, 29.60928222414313, 107.80059814453125, 29.611670115197384]",0
T478,"[101.2005615234375, 27.542371035269657, 101.20330810546875, 27.54480631775389]",0
T479,"[100.92041015625, 25.386216648026632, 100.92315673828125, 25.38869799035083]",1
T480,"[119.6685791015625, 25.938287074923746, 119.67132568359375, 25.94075695601903]",0
T481,"[113.90625, 34.31394984163214, 113.90899658203125, 34.316218380807406]",1
T482,"[102.3651123046875, 28.185822775955284, 102.36785888671875, 28.188243641850306]",1
T483,"[108.2427978515625, 42.12063594974363, 108.24554443359375, 42.12267315117257]",1
T484,"[96.85821533203125, 40.050745194796285, 96.8609619140625, 40.05284760182397]",0
T485,"[114.3841552734375, 31.672083485607388, 114.38690185546875, 31.674420981619946]",1
T486,"[123.90380859375, 44.15462243076732, 123.90655517578125, 44.156592967556605]",1
T487,"[123.6895751953125, 45.64476821775193, 123.69232177734375, 45.64668833372338]",1
T488,"[115.125732421875, 31.583215062757283, 115.12847900390625, 31.5855547927864]",1
T489,"[120.552978515625, 41.728280282234515, 120.55572509765625, 41.73033005046652]",1
T490,"[82.53204345703125, 45.18203683701588, 82.5347900390625, 45.18397275067564]",1
T491,"[102.74139404296875, 26.468114356372272, 102.744140625, 26.47057302237509]",1
T492,"[119.6630859375, 35.775485962768, 119.66583251953125, 35.777714272050794]",1
T493,"[100.31341552734375, 25.475512816489715, 100.316162109375, 25.477992320574813]",1
T494,"[121.29180908203125, 37.13623498442895, 121.2945556640625, 37.138424534226765]",1
T495,"[107.64404296875, 37.790251927933284, 107.64678955078125, 37.792422407988575]",1
T496,"[110.56915283203125, 25.48047177353121, 110.5718994140625, 25.482951175355314]",1
T497,"[112.73895263671875, 42.817566071581616, 112.74169921875, 42.819580715795915]",1
T498,"[120.377197265625, 33.90461600836232, 120.37994384765625, 33.90689555128868]",1
T499,"[115.784912109375, 23.1049968499888, 115.78765869140625, 23.107523097435966]",1
T500,"[88.51959228515625, 43.2592059294364, 88.5223388671875, 43.26120612479978]",1
T501,"[115.76568603515625, 29.93351504008809, 115.7684326171875, 29.935895213372437]",1
T502,"[121.58294677734375, 42.35042512243458, 121.585693359375, 42.3524549195262]",1
T503,"[110.51422119140625, 26.130782003547665, 110.5169677734375, 26.133247834392666]",1
T504,"[126.4141845703125, 50.113533431099704, 126.41693115234375, 50.115294694991064]",1
T505,"[105.5181884765625, 38.01996775874275, 105.52093505859375, 38.022131473537435]",1
T506,"[94.89715576171875, 42.06152861812261, 94.89990234375, 42.06356771883277]",1
T507,"[112.84881591796875, 25.510221219663617, 112.8515625, 25.512700007620516]",1
T508,"[112.15118408203125, 39.55700068337127, 112.1539306640625, 39.55911824217184]",1
T509,"[96.7181396484375, 40.69938133866613, 96.72088623046875, 40.701463603604594]",1
T510,"[110.84930419921875, 29.22409616568543, 110.85205078125, 29.22649312599092]",1
T511,"[121.44012451171875, 32.263910555201306, 121.44287109375, 32.26623303042525]",1
T512,"[112.31597900390625, 38.44928681715354, 112.3187255859375, 38.45143779510689]",1
T513,"[112.8350830078125, 25.52013606440348, 112.83782958984375, 25.522614647623286]",1
T514,"[120.38818359375, 46.14178273759233, 120.39093017578125, 46.143685745981585]",1
T515,"[124.56024169921875, 46.13987966342405, 124.56298828125, 46.14178273759233]",0
T516,"[119.5806884765625, 35.940212068887455, 119.58343505859375, 35.94243575255425]",1
T517,"[103.23577880859375, 23.354864168418853, 103.238525390625, 23.357385691338717]",1
T518,"[110.2093505859375, 20.57622471030164, 110.21209716796875, 20.578796053718683]",1
T519,"[123.409423828125, 45.585211978093994, 123.41217041015625, 45.58713413436409]",0
T520,"[109.8797607421875, 41.6298145037586, 109.88250732421875, 41.63186741069748]",1
T521,"[94.6307373046875, 43.69567969789881, 94.63348388671875, 43.69766549666678]",1
T522,"[118.927001953125, 35.97356075349623, 118.92974853515625, 35.97578349847198]",1
T523,"[88.56353759765625, 43.26120612479978, 88.5662841796875, 43.26320625445308]",1
T524,"[100.206298828125, 25.530050090109018, 100.20904541015625, 25.53252846853443]",1
T525,"[110.06378173828125, 41.67291181960209, 110.0665283203125, 41.67496335351134]",1
T526,"[124.93927001953125, 46.71350244599995, 124.9420166015625, 46.71538559839362]",0
T527,"[115.806884765625, 41.2674850985213, 115.80963134765625, 41.26954950284258]",1
T528,"[114.4720458984375, 41.106260503564485, 114.47479248046875, 41.10832999732831]",1
T529,"[120.90179443359375, 32.780347210663074, 120.904541015625, 32.782656376029635]",1
T530,"[121.18743896484375, 37.5053682633981, 121.190185546875, 37.50754708496412]",0
T531,"[88.2806396484375, 43.484812128916026, 88.28338623046875, 43.48680489735276]",1
T532,"[100.43701171875, 25.58703983205006, 100.43975830078125, 25.589517031797257]",1
T533,"[110.38238525390625, 20.82030827119847, 110.3851318359375, 20.822875478868436]",1
T534,"[124.52178955078125, 46.63435070293566, 124.5245361328125, 46.636236615519636]",1
T535,"[112.34619140625, 26.16283374256993, 112.34893798828125, 26.16529889631604]",1
T536,"[100.89019775390625, 25.100523057465224, 100.8929443359375, 25.103010240530722]",1
T537,"[102.9473876953125, 25.11793227658334, 102.95013427734375, 25.120419105501252]",0
T538,"[101.25823974609375, 27.53993569880378, 101.260986328125, 27.542371035269657]",1
T539,"[121.39892578125, 40.95708558389897, 121.40167236328125, 40.9591597721349]",1
T540,"[94.83673095703125, 42.44778143462244, 94.8394775390625, 42.44980808481614]",1
T541,"[101.6949462890625, 25.49286827125712, 101.69769287109375, 25.495347417365974]",1
T542,"[121.50054931640625, 40.975750931575355, 121.5032958984375, 40.977824533189505]",1
T543,"[115.10101318359375, 34.92647493584644, 115.103759765625, 34.928726792983845]",1
T544,"[117.57568359375, 42.58746644784858, 117.57843017578125, 42.58948857271423]",1
T545,"[118.7457275390625, 36.204390701588714, 118.74847412109375, 36.20660692859011]",1
T546,"[123.75274658203125, 44.90452338960932, 123.7554931640625, 44.906468717098825]",1
T547,"[122.94525146484375, 45.83262678266155, 122.947998046875, 45.834540449326326]",1
T548,"[109.9237060546875, 41.572306568724365, 109.92645263671875, 41.57436130598913]",1
T549,"[115.44158935546875, 26.588527147308625, 115.4443359375, 26.590983235125595]",0
T550,"[124.617919921875, 46.5834062186124, 124.62066650390625, 46.585293905836004]",1
T551,"[105.8367919921875, 26.50990453141392, 105.83953857421875, 26.51236230386751]",1
T552,"[121.61041259765625, 31.442723849469104, 121.6131591796875, 31.445067099748265]",1
T553,"[101.40655517578125, 25.331614221401043, 101.4093017578125, 25.334096684794456]",1
T554,"[100.93414306640625, 27.208228425855918, 100.9368896484375, 27.210671073790017]",1
T555,"[109.72869873046875, 21.935402504050302, 109.7314453125, 21.93795022614193]",1
T556,"[129.7979736328125, 44.298298678725885, 129.80072021484375, 44.30026441158151]",1
T557,"[100.1788330078125, 25.535006795752302, 100.18157958984375, 25.53748507175904]",1
T558,"[100.21728515625, 25.527571660479637, 100.22003173828125, 25.530050090109018]",1
T559,"[119.11376953125, 37.204081555898505, 119.11651611328125, 37.206269140654406]",1
T560,"[103.19183349609375, 28.256005619824975, 103.194580078125, 28.258424894768144]",1
T561,"[126.5020751953125, 50.219094620447464, 126.50482177734375, 50.22085199853942]",1
T562,"[111.05255126953125, 21.851302105589674, 111.0552978515625, 21.853851331021772]",1
T563,"[120.5584716796875, 33.42456461884057, 120.56121826171875, 33.426856918285004]",1
T564,"[112.708740234375, 40.772221877329024, 112.71148681640625, 40.77430186363721]",1
T565,"[124.56573486328125, 46.25394769073574, 124.5684814453125, 46.25584681848032]",1
T566,"[113.61236572265625, 41.812267143599804, 113.6151123046875, 41.814314229872515]",0
T567,"[105.58685302734375, 37.27842385645371, 105.589599609375, 37.28060928450999]",1
T568,"[111.33819580078125, 34.80478291957242, 111.3409423828125, 34.80703811152161]",1
T569,"[115.55145263671875, 41.957447659082824, 115.55419921875, 41.959490098924654]",1
T570,"[117.70751953125, 36.54274283354782, 117.71026611328125, 36.54494944148322]",1
T571,"[112.78839111328125, 21.598704329244896, 112.7911376953125, 21.601258036965895]",1
T572,"[122.080078125, 42.900112655253274, 122.08282470703125, 42.902124607912754]",1
T573,"[111.46453857421875, 38.34165619279593, 111.46728515625, 38.343810375256055]",1
T574,"[116.9219970703125, 42.187829010590825, 116.92474365234375, 42.1898640502888]",0
T575,"[122.772216796875, 44.93369638969468, 122.77496337890625, 44.935640729718365]",1
T576,"[106.9464111328125, 28.531448576319242, 106.94915771484375, 28.53386157228114]",1
T577,"[112.6043701171875, 31.653381399663985, 112.60711669921875, 31.6557193662858]",1
T578,"[131.9677734375, 45.460130637921, 131.97052001953125, 45.46205707250824]",1
T579,"[110.93719482421875, 41.20758898181024, 110.93994140625, 41.209655278807034]",0
T580,"[115.7464599609375, 22.885031848357865, 115.74920654296875, 22.88756221517449]",1
T581,"[87.16278076171875, 47.53203824675998, 87.16552734375, 47.53389264528654]",1
T582,"[122.860107421875, 42.547010175473815, 122.86285400390625, 42.549033612225145]",1
T583,"[118.50677490234375, 32.69948868085267, 118.509521484375, 32.701799942559006]",0
T584,"[102.94189453125, 25.599425317852933, 102.94464111328125, 25.601902261115736]",1
T585,"[122.1405029296875, 44.785733927165914, 122.14324951171875, 44.78768327030475]",1
T586,"[118.531494140625, 26.029638154882, 118.53424072265625, 26.03210611734895]",1
T587,"[114.74945068359375, 35.0502352513963, 114.752197265625, 35.05248370662468]",1
T588,"[121.146240234375, 41.29225364215946, 121.14898681640625, 41.294317263152564]",1
T589,"[110.126953125, 26.11105348290953, 110.12969970703125, 26.113519730139508]",1
T590,"[107.28424072265625, 26.16283374256993, 107.2869873046875, 26.16529889631604]",1
T591,"[114.22210693359375, 41.94519164538105, 114.224853515625, 41.94723447797776]",1
T592,"[101.28021240234375, 25.582085278700706, 101.282958984375, 25.584562581016687]",1
T593,"[114.8126220703125, 41.09177222097664, 114.81536865234375, 41.0938421712962]",1
T594,"[109.98687744140625, 41.66265316924903, 109.9896240234375, 41.664705030092065]",1
T595,"[100.22552490234375, 25.530050090109018, 100.228271484375, 25.53252846853443]",1
T596,"[115.71075439453125, 42.37883631647602, 115.7135009765625, 42.38086519582322]",1
T597,"[113.2855224609375, 23.37755614917645, 113.28826904296875, 23.380077240656455]",0
T598,"[103.853759765625, 24.47465024901041, 103.85650634765625, 24.477150011148673]",1
T599,"[122.54150390625, 42.80547682786029, 122.54425048828125, 42.807491865911544]",0
T600,"[86.73980712890625, 47.83159592699297, 86.7425537109375, 47.83343970762759]",1
T601,"[118.10577392578125, 33.28461996888768, 118.1085205078125, 33.286915956862074]",1
T602,"[117.94921875, 32.20815332547326, 117.95196533203125, 32.21047722643383]",1
T603,"[101.2115478515625, 27.542371035269657, 101.21429443359375, 27.54480631775389]",1
T604,"[111.676025390625, 34.68968634758936, 111.67877197265625, 34.69194468425018]",0
T605,"[119.0423583984375, 32.39619671866135, 119.04510498046875, 32.398515802474016]",1
T606,"[124.63165283203125, 46.918379324151566, 124.6343994140625, 46.92025531537452]",1
T607,"[119.94873046875, 34.29126107845569, 119.95147705078125, 34.29353023058857]",1
T608,"[129.451904296875, 46.155102414967125, 129.45465087890625, 46.15700496290803]",1
T609,"[115.61737060546875, 35.42039154575077, 115.6201171875, 35.42262976362147]",1
T610,"[112.55218505859375, 41.68727118379142, 112.554931640625, 41.68932225997043]",1
T611,"[113.1866455078125, 40.153686857794035, 113.18939208984375, 40.15578608609648]",1
T612,"[114.2138671875, 31.449753424508003, 114.21661376953125, 31.452096498983657]",1
T613,"[129.04266357421875, 45.93013988599454, 129.04541015625, 45.9320501968563]",1
T614,"[103.8922119140625, 27.1447007971196, 103.89495849609375, 27.147144835991803]",1
T615,"[116.8231201171875, 32.96949953291243, 116.82586669921875, 32.97180377635759]",1
T616,"[110.5389404296875, 25.52013606440348, 110.54168701171875, 25.522614647623286]",1
T617,"[114.246826171875, 35.39352808136066, 114.24957275390625, 35.395767045339035]",1
T618,"[102.65350341796875, 26.735799020431667, 102.65625, 26.738251940231194]",1
T619,"[96.38031005859375, 36.33282808737918, 96.383056640625, 36.33504067209607]",1
T620,"[117.79266357421875, 37.56417412088097, 117.79541015625, 37.566351224992246]",1
T621,"[103.8372802734375, 25.103010240530722, 103.84002685546875, 25.105497373014675]",1
T622,"[120.34698486328125, 37.151560502236656, 120.3497314453125, 37.15374960842943]",1
T623,"[105.18310546875, 26.721080390861722, 105.18585205078125, 26.723533628008116]",1
T624,"[111.4508056640625, 37.32648861334206, 111.45355224609375, 37.32867264506217]",1
T625,"[112.862548828125, 25.507742380531393, 112.86529541015625, 25.510221219663617]",1
T626,"[119.58343505859375, 35.8534396195918, 119.586181640625, 35.855665742178594]",1
T627,"[122.7777099609375, 42.5854442573849, 122.78045654296875, 42.58746644784858]",1
T628,"[121.01165771484375, 37.60117623656667, 121.014404296875, 37.603352258836885]",1
T629,"[94.833984375, 42.50855241552863, 94.83673095703125, 42.5105770984241]",1
T630,"[108.31695556640625, 41.90432124806033, 108.3197021484375, 41.90636538970962]",1
T631,"[101.6949462890625, 25.411027775872228, 101.69769287109375, 25.41350860804228]",1
T632,"[121.59942626953125, 42.33012354634197, 121.6021728515625, 42.33215399891371]",1
T633,"[121.20941162109375, 41.283998505385945, 121.212158203125, 41.28606238749825]",1
T634,"[121.76422119140625, 41.95131994679697, 121.7669677734375, 41.953362583018475]",1
T635,"[86.73980712890625, 47.81684332352077, 86.7425537109375, 47.818687628247105]",1
T636,"[116.04583740234375, 23.00390802663065, 116.048583984375, 23.006436171834554]",1
T637,"[103.90869140625, 23.986252599841798, 103.91143798828125, 23.988761970899684]",1
T638,"[105.61431884765625, 37.19314268101435, 105.6170654296875, 37.195330582800636]",0
T639,"[90.92559814453125, 44.51609322284931, 90.9283447265625, 44.51805165000558]",1
T640,"[114.114990234375, 35.78217070326606, 114.11773681640625, 35.78439882519529]",1
T641,"[112.96142578125, 34.98050244536519, 112.96417236328125, 34.98275281869194]",1
T642,"[102.491455078125, 26.966141794817027, 102.49420166015625, 26.968589727144394]",0
T643,"[118.57269287109375, 32.690243035492266, 118.575439453125, 32.69255453660821]",1
T644,"[101.20330810546875, 27.54967672076461, 101.2060546875, 27.552111841284695]",1
T645,"[121.77520751953125, 41.963574782225166, 121.7779541015625, 41.965617025682846]",0
T646,"[107.34466552734375, 37.204081555898505, 107.347412109375, 37.206269140654406]",1
T647,"[100.90118408203125, 25.49286827125712, 100.9039306640625, 25.495347417365974]",1
T648,"[113.302001953125, 35.020999701114675, 113.30474853515625, 35.02324896091337]",1
T649,"[122.1405029296875, 41.869560826994544, 122.14324951171875, 41.871606081179394]",0
T650,"[101.87896728515625, 26.256472923285344, 101.8817138671875, 26.258936094468403]",1
T651,"[82.52655029296875, 45.15880073835211, 82.529296875, 45.16073744197348]",1
T652,"[125.474853515625, 46.756798326042514, 125.47760009765625, 46.758679967095574]",1
T653,"[122.7667236328125, 42.44980808481614, 122.76947021484375, 42.45183466943919]",1
T654,"[102.26898193359375, 28.222130007158547, 102.271728515625, 28.22455005047019]",1
T655,"[107.93243408203125, 37.448696585910376, 107.9351806640625, 37.45087706042972]",1
T656,"[114.4940185546875, 24.921313186123925, 114.49676513671875, 24.923804001418247]",1
T657,"[110.93719482421875, 41.193123075718695, 110.93994140625, 41.19518982948958]",1
T658,"[122.991943359375, 45.863237552964364, 122.99468994140625, 45.86515016679056]",1
T659,"[119.70428466796875, 35.88905007936092, 119.70703125, 35.891275201659134]",1
T660,"[119.739990234375, 41.45301999377132, 119.74273681640625, 41.45507852101138]",0
T661,"[124.02740478515625, 46.36019756701458, 124.0301513671875, 46.36209301204983]",1
T662,"[115.77667236328125, 23.11004929735673, 115.7794189453125, 23.112575449747098]",1
T663,"[119.86907958984375, 37.05079312980658, 119.871826171875, 37.05298514989098]",1
T664,"[109.5941162109375, 27.591066424185076, 109.59686279296875, 27.59350062636446]",1
T665,"[118.729248046875, 34.96474810049313, 118.73199462890625, 34.966998906703665]",1
T666,"[106.95465087890625, 37.49883141715706, 106.9573974609375, 37.50101042949326]",1
T667,"[116.466064453125, 32.58153501413734, 116.46881103515625, 32.583849325656615]",1
T668,"[117.23785400390625, 25.01841766402613, 117.2406005859375, 25.020906514227494]",1
T669,"[112.78839111328125, 21.608918889711326, 112.7911376953125, 21.611472417139698]",1
T670,"[99.8492431640625, 26.10118797369924, 99.85198974609375, 26.10365442903842]",1
T671,"[103.22479248046875, 28.277777117422556, 103.2275390625, 28.280195898097016]",1
T672,"[117.97119140625, 43.15510522905727, 117.97393798828125, 43.1571088409533]",1
T673,"[100.25299072265625, 25.52509317964987, 100.2557373046875, 25.527571660479637]",1
T674,"[111.42333984375, 34.76192255039478, 111.42608642578125, 34.764178914455115]",1
T675,"[97.48443603515625, 37.055177106660814, 97.4871826171875, 37.05736900011469]",1
T676,"[118.51776123046875, 34.67387626588272, 118.5205078125, 34.676135033800946]",1
T677,"[126.38671875, 50.10824925071049, 126.38946533203125, 50.11001070896014]",1
T678,"[120.68756103515625, 42.17154633452752, 120.6903076171875, 42.17358189832776]",1
T679,"[121.4593505859375, 40.94463908579306, 121.46209716796875, 40.94671366508001]",0
T680,"[122.135009765625, 36.96086580957587, 122.13775634765625, 36.96306042436515]",0
T681,"[123.50830078125, 45.25362179991922, 123.51104736328125, 45.25555527789206]",1
T682,"[119.50653076171875, 35.8512134345006, 119.50927734375, 35.8534396195918]",1
T683,"[115.0323486328125, 33.36494359328554, 115.03509521484375, 33.36723746583832]",1
T684,"[122.24212646484375, 46.31468715855949, 122.244873046875, 46.316584181822186]",1
T685,"[131.94305419921875, 47.28109232255293, 131.94580078125, 47.28295557691229]",1
T686,"[107.8033447265625, 42.000325148316215, 107.80609130859375, 42.00236621337552]",1
T687,"[117.10601806640625, 41.90840946591108, 117.1087646484375, 41.91045347666419]",1
T688,"[103.172607421875, 28.248747465587268, 103.17535400390625, 28.251166905231475]",1
T689,"[121.9537353515625, 41.74672584176937, 121.95648193359375, 41.748775021355044]",1
T690,"[131.28936767578125, 46.675825597930015, 131.2921142578125, 46.67771006464433]",1
T691,"[120.87158203125, 37.24782120155428, 120.87432861328125, 37.25000751785145]",1
T692,"[100.20904541015625, 25.527571660479637, 100.2117919921875, 25.530050090109018]",1
T693,"[96.8994140625, 40.19146303804062, 96.90216064453125, 40.1935610981561]",1
T694,"[112.89825439453125, 34.96924965107899, 112.9010009765625, 34.97150033361732]",1
T695,"[108.544921875, 27.55454690781033, 108.54766845703125, 27.55698192033831]",1
T696,"[112.37640380859375, 31.217499361938135, 112.379150390625, 31.219848226201183]",0
T697,"[118.05633544921875, 42.69656730969698, 118.05908203125, 42.698585891698414]",1
T698,"[82.7105712890625, 45.151053265563384, 82.71331787109375, 45.15299023250611]",1
T699,"[114.224853515625, 36.064641955171396, 114.22760009765625, 36.06686213257887]",1
T700,"[111.61834716796875, 23.31955781796969, 111.62109375, 23.322080011378432]",0
T701,"[124.3267822265625, 47.68757916850813, 124.32952880859375, 47.689428060158555]",1
T702,"[122.36846923828125, 45.392663958500314, 122.3712158203125, 45.394592696926615]",1
T703,"[120.85235595703125, 42.0370543018838, 120.8551025390625, 42.039094188385945]",1
T704,"[119.19342041015625, 32.71335535317754, 119.1961669921875, 32.71566625570316]",1
T705,"[95.00701904296875, 42.265114458337564, 95.009765625, 42.267147008152314]",1
T706,"[119.4927978515625, 25.20494115356912, 119.49554443359375, 25.207426209065783]",0
T707,"[118.85833740234375, 26.4779487051629, 118.861083984375, 26.480407161007278]",1
T708,"[119.37744140625, 33.406224044375435, 119.38018798828125, 33.408516828002675]",1
T709,"[96.1907958984375, 40.69938133866613, 96.19354248046875, 40.701463603604594]",1
T710,"[121.2066650390625, 32.46574331328358, 121.20941162109375, 32.468060609176014]",1
T711,"[122.00042724609375, 37.36579146999664, 122.003173828125, 37.36797435878156]",1
T712,"[115.3839111328125, 40.888600811930345, 115.38665771484375, 40.890677150646255]",0
T713,"[112.26104736328125, 34.49297540250153, 112.2637939453125, 34.495239092669024]",1
T714,"[112.67578125, 41.15591035054503, 112.67852783203125, 41.15797827873605]",1
T715,"[116.28753662109375, 43.40704288568523, 116.290283203125, 43.409038217770544]",1
T716,"[124.67559814453125, 44.48474943661997, 124.6783447265625, 44.48670891691768]",0
T717,"[120.11077880859375, 31.800558330295214, 120.113525390625, 31.80289258670676]",0
T718,"[106.95465087890625, 37.59682400108366, 106.9573974609375, 37.59900015064849]",1
T719,"[118.75396728515625, 36.20660692859011, 118.7567138671875, 36.20882309283712]",0
T720,"[88.54156494140625, 43.06487470411879, 88.5443115234375, 43.06688127198495]",0
T721,"[106.864013671875, 26.32788366558412, 106.86676025390625, 26.330345320410842]",1
T722,"[107.545166015625, 37.40289194122377, 107.54791259765625, 37.40507375017693]",1
T723,"[129.649658203125, 47.700520033704954, 129.65240478515625, 47.702368466573716]",0
T724,"[103.1890869140625, 28.246327971048853, 103.19183349609375, 28.248747465587268]",1
T725,"[104.32342529296875, 25.743003105825967, 104.326171875, 25.745477067368604]",0
T726,"[111.32720947265625, 35.10867496450758, 111.3299560546875, 35.11092180970475]",1
T727,"[102.359619140625, 28.103480741227436, 102.36236572265625, 28.105903469076186]",1
T728,"[105.04852294921875, 37.30027528134431, 105.05126953125, 37.302460074782296]",1
T729,"[87.77801513671875, 43.59630591596549, 87.78076171875, 43.59829500262717]",1
T730,"[112.18963623046875, 39.865479513786134, 112.1923828125, 39.867587624510186]",1
T731,"[117.66082763671875, 31.379433950595633, 117.66357421875, 31.381778782110974]",1
T732,"[122.32452392578125, 46.22735299655778, 122.3272705078125, 46.229253045075275]",1
T733,"[126.42791748046875, 50.13290377086724, 126.4306640625, 50.13466432216695]",1
T734,"[87.14080810546875, 47.53203824675998, 87.1435546875, 47.53389264528654]",1
T735,"[95.58929443359375, 40.691051628010236, 95.592041015625, 40.69313415330808]",1
T736,"[99.41802978515625, 36.69705320010032, 99.4207763671875, 36.69925539555268]",1
T737,"[109.259033203125, 30.72058770289763, 109.26177978515625, 30.7229488247725]",1
T738,"[102.26348876953125, 28.239069158099028, 102.2662353515625, 28.241488817301658]",1
T739,"[118.58367919921875, 38.04160203158016, 118.58642578125, 38.04376510743968]",1
T740,"[108.28948974609375, 42.09414637092274, 108.292236328125, 42.096184423802946]",1
T741,"[129.36126708984375, 45.73494252455993, 129.364013671875, 45.73685954736048]",1
T742,"[93.91937255859375, 42.47007098029904, 93.922119140625, 42.47209690919286]",1
T743,"[105.29296875, 37.19751842118354, 105.29571533203125, 37.19970619616172]",1
T744,"[122.36846923828125, 45.36758436884979, 122.3712158203125, 45.369513963007414]",1
T745,"[100.10467529296875, 26.676913083105458, 100.107421875, 26.679367271566836]",1
T746,"[121.97296142578125, 37.24126187205382, 121.9757080078125, 37.24344837865412]",1
T747,"[124.28558349609375, 46.40945776747577, 124.288330078125, 46.411351502899215]",1
T748,"[90.70037841796875, 45.04441870436415, 90.703125, 45.04635929200552]",1
T749,"[131.396484375, 45.9454205305953, 131.39923095703125, 45.947330315089275]",1
T750,"[107.42706298828125, 26.251546424213032, 107.4298095703125, 26.25400969986574]",1
T751,"[115.71075439453125, 26.522192867724723, 115.7135009765625, 26.524650377182766]",1
T752,"[112.5823974609375, 40.101185062587, 112.58514404296875, 40.1032859129344]",1
T753,"[111.4947509765625, 38.438530965643, 111.49749755859375, 38.44068226417387]",1
T754,"[122.12677001953125, 42.167475010395336, 122.1295166015625, 42.16951070521656]",1
T755,"[91.12335205078125, 44.4612305390588, 91.1260986328125, 44.46319080919909]",1
T756,"[122.860107421875, 42.443727937524756, 122.86285400390625, 42.44575471885852]",1
T757,"[120.3826904296875, 33.854450645803894, 120.38543701171875, 33.85673152928874]",1
T758,"[107.2869873046875, 26.50990453141392, 107.28973388671875, 26.51236230386751]",0
T759,"[102.74139404296875, 26.716173757934083, 102.744140625, 26.718627100835924]",1
T760,"[126.42242431640625, 50.16458378401073, 126.4251708984375, 50.166343169439735]",1
T761,"[110.54718017578125, 25.542441470124828, 110.5499267578125, 25.54491959247672]",1
T762,"[120.1904296875, 36.76529191711623, 120.19317626953125, 36.76749215619674]",1
T763,"[129.74853515625, 47.66538735632655, 129.75128173828125, 47.667237034505156]",1
T764,"[95.69915771484375, 40.69729900863674, 95.701904296875, 40.69938133866613]",1
T765,"[116.6473388671875, 36.37706783983682, 116.65008544921875, 36.37927916740795]",0
T766,"[93.94134521484375, 42.110448960122206, 93.944091796875, 42.11248648904182]",1
T767,"[114.4720458984375, 41.13936457644674, 114.47479248046875, 41.14143302653628]",1
T768,"[117.97943115234375, 43.14909399920127, 117.982177734375, 43.15109780818096]",1
T769,"[122.04986572265625, 46.415138776492014, 122.0526123046875, 46.41703231466178]",1
T770,"[82.540283203125, 45.18590859850545, 82.54302978515625, 45.187844380505325]",1
T771,"[101.15936279296875, 38.6275996886131, 101.162109375, 38.62974534092597]",1
T772,"[90.9613037109375, 44.42201131423663, 90.96405029296875, 44.423972900753874]",1
T773,"[102.26348876953125, 39.0362529596366, 102.2662353515625, 39.03838632847035]",1
T774,"[123.4259033203125, 44.325812949802206, 123.42864990234375, 44.32777776128443]",0
T775,"[103.963623046875, 26.941659545381505, 103.96636962890625, 26.944108009688595]",1
T776,"[110.390625, 20.76638681251519, 110.39337158203125, 20.76895493784116]",1
T777,"[105.18585205078125, 25.715786129968638, 105.1885986328125, 25.71826065792772]",1
T778,"[95.55908203125, 40.668139554080426, 95.56182861328125, 40.670222795307346]",1
T779,"[102.403564453125, 25.281954265954294, 102.40631103515625, 25.284437746983034]",1
T780,"[123.6346435546875, 43.889975373836876, 123.63739013671875, 43.89195472686544]",1
T781,"[117.86956787109375, 38.05241677186484, 117.872314453125, 38.054579528211924]",1
T782,"[108.59161376953125, 41.88387623204764, 108.5943603515625, 41.88592102814744]",1
T783,"[111.51123046875, 34.68742794931483, 111.51397705078125, 34.68968634758936]",1
T784,"[92.68890380859375, 44.205835001041834, 92.691650390625, 44.20780382691622]",1
T785,"[121.9427490234375, 44.82860426955568, 121.94549560546875, 44.830552164438224]",1
T786,"[112.79388427734375, 21.606365317203387, 112.796630859375, 21.608918889711326]",1
T787,"[97.38006591796875, 37.114336001507866, 97.3828125, 37.11652618491119]",1
T788,"[93.1915283203125, 44.11716972942085, 93.19427490234375, 44.11914151643736]",1
T789,"[112.225341796875, 40.06335866416329, 112.22808837890625, 40.06546068206553]",1
T790,"[100.162353515625, 25.549875683500623, 100.16510009765625, 25.55235365216548]",0
T791,"[110.5279541015625, 25.512700007620516, 110.53070068359375, 25.51517874439851]",1
T792,"[82.5128173828125, 45.16073744197348, 82.51556396484375, 45.16267407976457]",1
T793,"[100.91217041015625, 25.17014505150313, 100.9149169921875, 25.17263081690433]",1
T794,"[124.156494140625, 42.82159529436949, 124.15924072265625, 42.82360980730198]",1
T795,"[129.9957275390625, 45.29034662473614, 129.99847412109375, 45.29227885197088]",1
T796,"[103.8372802734375, 24.39713301739105, 103.84002685546875, 24.399634316776847]",1
T797,"[105.61431884765625, 37.27842385645371, 105.6170654296875, 37.28060928450999]",1
T798,"[107.19085693359375, 37.40725549559875, 107.193603515625, 37.40943717748788]",1
T799,"[116.1419677734375, 22.852132788641182, 116.14471435546875, 22.85466376836665]",1
T800,"[120.53375244140625, 42.12674735753131, 120.5364990234375, 42.128784362460195]",1
T801,"[117.52899169921875, 42.360573452384564, 117.53173828125, 42.36260292171997]",1
T802,"[99.8492431640625, 26.04444515079636, 99.85198974609375, 26.046912801683977]",1
T803,"[115.37017822265625, 36.182224980422504, 115.3729248046875, 36.18444183488301]",0
T804,"[117.00714111328125, 42.31793945446848, 117.0098876953125, 42.31997030030749]",1
T805,"[112.840576171875, 25.507742380531393, 112.84332275390625, 25.510221219663617]",1
T806,"[99.7283935546875, 36.26863580073786, 99.73114013671875, 36.270850207239036]",1
T807,"[103.2440185546875, 28.27293939128369, 103.24676513671875, 28.27535828181709]",1
T808,"[119.6246337890625, 32.898038181605216, 119.62738037109375, 32.90034428749643]",1
T809,"[131.3360595703125, 45.93778073466329, 131.33880615234375, 45.93969078234]",1
T810,"[100.294189453125, 25.500305556118672, 100.29693603515625, 25.50278454875534]",1
T811,"[113.01910400390625, 41.24890252240321, 113.0218505859375, 41.2509675141624]",0
T812,"[102.9473876953125, 25.115445397061947, 102.95013427734375, 25.11793227658334]",0
T813,"[108.26751708984375, 41.9778691117017, 108.270263671875, 41.979910896912344]",1
T814,"[94.4219970703125, 41.91658511622837, 94.42474365234375, 41.918628865183024]",1
T815,"[106.63055419921875, 37.49665234123337, 106.63330078125, 37.49883141715706]",1
T816,"[110.379638671875, 41.33763822308111, 110.38238525390625, 41.3397004077442]",1
T817,"[121.29730224609375, 31.844899116134766, 121.300048828125, 31.847232251731125]",0
T818,"[133.5662841796875, 47.811310016260066, 133.56903076171875, 47.81315451752767]",1
T819,"[99.261474609375, 24.739348013248684, 99.26422119140625, 24.74184249168406]",1
T820,"[117.960205078125, 39.52522954427748, 117.96295166015625, 39.527348072681455]",0
T821,"[103.84002685546875, 25.08808638354267, 103.8427734375, 25.090573819460985]",1
T822,"[104.63104248046875, 26.221983043453278, 104.6337890625, 26.22444694563432]",1
T823,"[103.2989501953125, 26.04938040062952, 103.30169677734375, 26.051847947629494]",1
T824,"[92.9388427734375, 44.18417357325393, 92.94158935546875, 44.18614312298759]",1
T825,"[118.6248779296875, 25.510221219663617, 118.62762451171875, 25.512700007620516]",1
T826,"[101.4202880859375, 25.29685438934386, 101.42303466796875, 25.299337565234087]",1
T827,"[114.873046875, 41.69547509615208, 114.87579345703125, 41.69752591075901]",1
T828,"[110.5389404296875, 25.567220388070027, 110.54168701171875, 25.569697998006664]",1
T829,"[108.78387451171875, 24.88145330131797, 108.78662109375, 24.88394492118177]",1
T830,"[112.576904296875, 31.520020155192814, 112.57965087890625, 31.522361470421437]",1
T831,"[123.64837646484375, 45.431226220334516, 123.651123046875, 45.4331536422714]",0
T832,"[124.6673583984375, 44.41220239438347, 124.67010498046875, 44.41416430998938]",1
T833,"[109.79461669921875, 41.834781494154825, 109.79736328125, 41.836827860727134]",1
T834,"[96.17156982421875, 40.609782379833, 96.17431640625, 40.611867443030064]",0
T835,"[106.46575927734375, 37.80761398306057, 106.468505859375, 37.80978395301097]",1
T836,"[103.23577880859375, 28.280195898097016, 103.238525390625, 28.282614623837407]",1
T837,"[94.89166259765625, 42.595554553719204, 94.8944091796875, 42.59757641618889]",1
T838,"[117.081298828125, 23.427968862308674, 117.08404541015625, 23.430488993882964]",1
T839,"[115.74371337890625, 26.529565238267573, 115.7464599609375, 26.532022589887546]",1
T840,"[114.33197021484375, 41.7631174470059, 114.334716796875, 41.76516610331407]",1
T841,"[114.2138671875, 35.330811857318196, 114.21661376953125, 35.33305256126512]",1
T842,"[116.16119384765625, 22.859725586446086, 116.1639404296875, 22.862256424791934]",1
T843,"[114.971923828125, 26.45582023845988, 114.97467041015625, 26.458279167084118]",0
T844,"[111.3848876953125, 35.56574628576277, 111.38763427734375, 35.56798045801208]",1
T845,"[112.357177734375, 41.963574782225166, 112.35992431640625, 41.965617025682846]",1
T846,"[115.169677734375, 35.71083783530008, 115.17242431640625, 35.713067954913896]",1
T847,"[105.52093505859375, 37.33085661329714, 105.523681640625, 37.33304051804566]",0
T848,"[113.21685791015625, 28.178559849396965, 113.2196044921875, 28.180980879725535]",0
T849,"[119.98992919921875, 42.67233920753351, 119.99267578125, 42.67435857693383]",1
T850,"[94.81475830078125, 42.200038266046754, 94.8175048828125, 42.20207291264875]",1
T851,"[120.42388916015625, 33.65120829920498, 120.4266357421875, 33.65349459599045]",1
T852,"[120.3497314453125, 33.66035312192882, 120.35247802734375, 33.66263917576217]",1
T853,"[121.61865234375, 39.71352536237345, 121.62139892578125, 39.71563813479632]",1
T854,"[122.091064453125, 37.15593865124462, 122.09381103515625, 37.15812763068085]",1
T855,"[88.275146484375, 43.04480541304369, 88.27789306640625, 43.04681263770762]",0
T856,"[126.7657470703125, 46.51540570001735, 126.76849365234375, 46.51729575369811]",1
T857,"[91.0162353515625, 44.51021754644923, 91.01898193359375, 44.512176171071054]",1
T858,"[103.23028564453125, 28.260844114804826, 103.2330322265625, 28.26326327993196]",1
T859,"[118.76220703125, 41.76721469421018, 118.76495361328125, 41.76926321969369]",1
T860,"[99.59930419921875, 36.438961240859456, 99.60205078125, 36.44117080741499]",1
T861,"[121.6461181640625, 39.87180365162444, 121.64886474609375, 39.873911568012915]",1
T862,"[110.1104736328125, 26.113519730139508, 110.11322021484375, 26.11598592533352]",1
T863,"[102.7276611328125, 26.728439943649306, 102.73040771484375, 26.73089302213737]",1
T864,"[120.19317626953125, 34.170908363525726, 120.1959228515625, 34.173180761144984]",1
T865,"[115.11199951171875, 31.527043924837933, 115.11474609375, 31.529385064020918]",1
T866,"[121.08856201171875, 31.78421688448737, 121.09130859375, 31.78655155361398]",0
T867,"[121.46209716796875, 41.34382458118569, 121.46484375, 41.34588656996288]",0
T868,"[130.1605224609375, 46.31279006953479, 130.16326904296875, 46.31468715855949]",1
T869,"[121.98394775390625, 41.562031902001955, 121.9866943359375, 41.56408696606436]",0
T870,"[102.777099609375, 33.250172902093894, 102.77984619140625, 33.25246979589199]",1
T871,"[95.69091796875, 40.69313415330808, 95.69366455078125, 40.69521661351715]",1
T872,"[119.190673828125, 39.49768279377419, 119.19342041015625, 39.49980216233288]",1
T873,"[125.02716064453125, 46.84704298339388, 125.0299072265625, 46.84892147080044]",0
T874,"[102.42828369140625, 25.195000424307487, 102.4310302734375, 25.197485682706862]",1
T875,"[116.08154296875, 41.601066942355295, 116.08428955078125, 41.60312076451184]",1
T876,"[129.02069091796875, 45.947330315089275, 129.0234375, 45.94924003378792]",1
T877,"[114.02435302734375, 25.495347417365974, 114.027099609375, 25.49782651232102]",1
T878,"[95.6854248046875, 36.40359962073253, 95.68817138671875, 36.405810193726765]",1
T879,"[116.06781005859375, 29.477861195816843, 116.070556640625, 29.48025219334425]",1
T880,"[124.48883056640625, 46.34313560260195, 124.4915771484375, 46.34503163945873]",1
T881,"[96.84722900390625, 40.10748741901243, 96.8499755859375, 40.10958807474142]",1
T882,"[102.4530029296875, 27.31321389856825, 102.45574951171875, 27.3156542412635]",1
T883,"[105.63629150390625, 37.188766687237106, 105.6390380859375, 37.19095471582606]",1
T884,"[100.92864990234375, 27.215556209029675, 100.931396484375, 27.217998696328696]",1
T885,"[96.99005126953125, 40.20405042511328, 96.9927978515625, 40.206148095775035]",1
T886,"[117.916259765625, 42.14507804381755, 117.91900634765625, 42.147114459220994]",1
T887,"[119.6136474609375, 32.91879097277369, 119.61639404296875, 32.921096538169245]",1
T888,"[108.87176513671875, 30.543338954230215, 108.87451171875, 30.545704405480983]",1
T889,"[111.4837646484375, 25.165173368663936, 111.48651123046875, 25.167659235421777]",1
T890,"[112.7142333984375, 34.00258128543371, 112.71697998046875, 34.00485820541724]",1
T891,"[107.94342041015625, 37.339591851359174, 107.9461669921875, 37.34177550214858]",1
T892,"[131.03118896484375, 47.021461309117285, 131.033935546875, 47.02333368818493]",1
T893,"[101.31866455078125, 27.442478012046966, 101.3214111328125, 27.44491550514694]",1
T894,"[94.23797607421875, 39.227998070552346, 94.24072265625, 39.230125638383925]",1
T895,"[112.412109375, 31.875225275111625, 112.41485595703125, 31.87755764334002]",1
T896,"[129.79248046875, 45.979786584921676, 129.79522705078125, 45.98169518512228]",0
T897,"[118.23760986328125, 42.841737469787816, 118.2403564453125, 42.84375132629022]",1
T898,"[121.92901611328125, 31.737511125687814, 121.9317626953125, 31.73984697335504]",1
T899,"[103.623046875, 24.699429555019787, 103.62579345703125, 24.701924833689922]",0
T900,"[112.4725341796875, 31.863562548378972, 112.47528076171875, 31.865895211796346]",1
T901,"[123.123779296875, 45.178164812206376, 123.12652587890625, 45.18010085752613]",1
T902,"[123.7060546875, 46.51729575369811, 123.70880126953125, 46.51918574163986]",1
T903,"[111.45355224609375, 41.677014822032184, 111.456298828125, 41.6790662251641]",1
T904,"[114.63134765625, 35.0187503794383, 114.63409423828125, 35.020999701114675]",1
T905,"[121.9317626953125, 31.524702726970627, 121.93450927734375, 31.527043924837933]",1
T906,"[106.64703369140625, 37.59900015064849, 106.6497802734375, 37.60117623656667]",0
T907,"[114.02984619140625, 41.824548679855056, 114.0325927734375, 41.82659537357171]",1
T908,"[122.7557373046875, 44.97839955494439, 122.75848388671875, 44.98034238084973]",1
T909,"[94.251708984375, 39.22161498006375, 94.25445556640625, 39.22374274139129]",1
T910,"[103.8922119140625, 26.922069916732806, 103.89495849609375, 26.924518806384917]",1
T911,"[112.78289794921875, 21.596150576461433, 112.78564453125, 21.598704329244896]",1
T912,"[99.58831787109375, 36.343890382519255, 99.591064453125, 36.346102653006376]",1
T913,"[131.39923095703125, 45.97406038956238, 131.4019775390625, 45.97596918714187]",1
T914,"[86.7755126953125, 47.67093619422418, 86.77825927734375, 47.6727856757654]",1
T915,"[94.2132568359375, 42.08803181932636, 94.21600341796875, 42.09007006868397]",1
T916,"[123.52203369140625, 45.249754646487304, 123.5247802734375, 45.25168825611765]",1
T917,"[106.87225341796875, 41.36031866306708, 106.875, 41.36238012945532]",1
T918,"[115.95245361328125, 22.804035225991186, 115.9552001953125, 22.806567100271515]",1
T919,"[121.9537353515625, 29.571068277382548, 121.95648193359375, 29.57345707301757]",1
T920,"[107.51220703125, 37.48139702942733, 107.51495361328125, 37.483576550426996]",1
T921,"[117.4603271484375, 42.5105770984241, 117.46307373046875, 42.51260171573668]",1
T922,"[117.63336181640625, 42.25698360376745, 117.6361083984375, 42.25901641570576]",1
T923,"[122.14599609375, 44.80912170007737, 122.14874267578125, 44.81107025326001]",1
T924,"[117.0648193359375, 23.455687666943387, 117.06756591796875, 23.45820726989412]",1
T925,"[118.21563720703125, 24.854042166854434, 118.2183837890625, 24.856534339310674]",1
T926,"[115.60638427734375, 40.34235741658333, 115.609130859375, 40.34445080136367]",0
T927,"[120.2728271484375, 37.31993613728423, 120.27557373046875, 37.322120359451766]",1
T928,"[115.68603515625, 44.38865427337759, 115.68878173828125, 44.39061697878681]",1
T929,"[123.4588623046875, 42.466018925787495, 123.46160888671875, 42.46804498583045]",1
T930,"[107.457275390625, 29.458731185355322, 107.46002197265625, 29.46112263402122]",0
T931,"[111.95068359375, 39.364032338047984, 111.95343017578125, 39.36615577588526]",1
T932,"[131.06689453125, 47.116868922293264, 131.06964111328125, 47.11873795272714]",1
T933,"[114.268798828125, 41.354133872100455, 114.27154541015625, 41.35619553438905]",1
T934,"[123.365478515625, 43.50473685497695, 123.36822509765625, 43.50672896600785]",1
T935,"[86.87164306640625, 47.63578359086485, 86.8743896484375, 47.63763431783611]",1
T936,"[114.6533203125, 41.75697108561416, 114.65606689453125, 41.7590199381554]",1
T937,"[82.529296875, 45.18203683701588, 82.53204345703125, 45.18397275067564]",1
T938,"[129.30084228515625, 45.62556343821597, 129.3035888671875, 45.62748421233826]",1
T939,"[99.547119140625, 26.029638154882, 99.54986572265625, 26.03210611734895]",1
T940,"[108.76190185546875, 30.43683404544223, 108.7646484375, 30.43920208723559]",1
T941,"[95.49041748046875, 40.64938745451835, 95.4931640625, 40.65147128144056]",1
T942,"[103.82080078125, 25.11047148622334, 103.82354736328125, 25.112958466940725]",1
T943,"[126.463623046875, 50.17689812200106, 126.46636962890625, 50.17865705409926]",1
T944,"[102.90069580078125, 23.48843875389896, 102.9034423828125, 23.490957731495815]",1
T945,"[107.8143310546875, 29.604506272365295, 107.81707763671875, 29.6068942765315]",1
T946,"[121.6241455078125, 39.85915479295669, 121.62689208984375, 39.861263098008536]",1
T947,"[123.3489990234375, 42.3341843859394, 123.35174560546875, 42.33621470741859]",1
T948,"[103.3154296875, 37.06175259706909, 103.31817626953125, 37.06394430056684]",1
T949,"[112.247314453125, 25.17760219565174, 112.25006103515625, 25.180087808990642]",1
T950,"[115.65032958984375, 30.0381887651539, 115.653076171875, 30.040566430584608]",1
T951,"[112.83782958984375, 25.510221219663617, 112.840576171875, 25.512700007620516]",1
T952,"[117.44384765625, 35.7465122599185, 117.44659423828125, 35.748741380898124]",1
T953,"[86.77276611328125, 47.680182946484145, 86.7755126953125, 47.68203210030428]",0
T954,"[118.58367919921875, 32.544497906386226, 118.58642578125, 32.54681317351515]",1
T955,"[115.455322265625, 41.5373660355038, 115.45806884765625, 41.53942188382285]",1
T956,"[121.92626953125, 31.735175219118688, 121.92901611328125, 31.737511125687814]",1
T957,"[130.13580322265625, 46.278631221560865, 130.1385498046875, 46.28052949433555]",1
T958,"[121.96746826171875, 37.24126187205382, 121.97021484375, 37.24344837865412]",1
T959,"[112.730712890625, 26.06418490332395, 112.73345947265625, 26.066652138577393]",1
T960,"[113.43109130859375, 33.26395335923739, 113.433837890625, 33.266249890762744]",1
T961,"[126.49383544921875, 50.20854899229102, 126.49658203125, 50.21030675884514]",1
T962,"[119.35272216796875, 33.3878795970452, 119.35546875, 33.39017286472247]",1
T963,"[111.23382568359375, 41.04621681452063, 111.236572265625, 41.04828819952276]",1
T964,"[106.3311767578125, 36.28413532741724, 106.33392333984375, 36.28634929429456]",1
T965,"[119.42138671875, 42.17358189832776, 119.42413330078125, 42.17561739661684]",1
T966,"[121.8768310546875, 37.41380035066288, 121.87957763671875, 37.41598184194612]",1
T967,"[103.634033203125, 24.749325626697203, 103.63677978515625, 24.75181990492485]",1
T968,"[111.5936279296875, 25.090573819460985, 111.59637451171875, 25.093061204816067]",1
T969,"[121.48406982421875, 39.73887436009366, 121.48681640625, 39.740986355883564]",1
T970,"[118.52325439453125, 26.0123609641135, 118.5260009765625, 26.014829289930997]",1
T971,"[113.79913330078125, 22.631757630008696, 113.8018798828125, 22.634292693793522]",0
T972,"[109.259033203125, 37.64250977444874, 109.26177978515625, 37.64468458716588]",1
T973,"[92.73834228515625, 44.15856343854311, 92.7410888671875, 44.16053384372669]",1
T974,"[102.98583984375, 27.933754016777204, 102.98858642578125, 27.93618056676939]",1
T975,"[108.533935546875, 27.52775820686189, 108.53668212890625, 27.53019381318792]",1
T976,"[129.47113037109375, 46.23115302782204, 129.473876953125, 46.23305294479828]",1
T977,"[118.45184326171875, 38.03294908916502, 118.45458984375, 38.035112420612975]",0
T978,"[123.78570556640625, 42.974511174899156, 123.7884521484375, 42.976520698105524]",1
T979,"[121.88232421875, 31.02940135302888, 121.88507080078125, 31.031754878046097]",0
T980,"[88.53057861328125, 43.03276068583202, 88.5333251953125, 43.03476830455954]",1
T981,"[114.24957275390625, 35.80890404406862, 114.2523193359375, 35.811131416437966]",1
T982,"[132.10784912109375, 45.4273711789891, 132.110595703125, 45.42929873257376]",0
T983,"[112.3626708984375, 26.157903278765218, 112.36541748046875, 26.160368536718497]",1
T984,"[112.093505859375, 39.54005788576376, 112.09625244140625, 39.542175961711955]",1
T985,"[105.82855224609375, 37.36142550190517, 105.831298828125, 37.36360851770406]",1
T986,"[121.3824462890625, 40.975750931575355, 121.38519287109375, 40.977824533189505]",0
T987,"[104.72442626953125, 27.007749404729434, 104.7271728515625, 27.01019643193151]",1
T988,"[111.64306640625, 39.359785268690004, 111.64581298828125, 39.36190883564925]",1
T989,"[94.8394775390625, 41.994201560315695, 94.84222412109375, 41.99624282178581]",1
T990,"[110.5059814453125, 25.500305556118672, 110.50872802734375, 25.50278454875534]",1
T991,"[86.73980712890625, 47.80208652719498, 86.7425537109375, 47.803931356039655]",1
T992,"[109.5721435546875, 26.007424156802198, 109.57489013671875, 26.009892586402735]",1
T993,"[119.17144775390625, 32.72953041348471, 119.1741943359375, 32.731840896865684]",1
T994,"[122.1295166015625, 36.998165657002275, 122.13226318359375, 37.00035919622158]",1
T995,"[110.22308349609375, 41.19518982948958, 110.225830078125, 41.19725651800891]",1
T996,"[131.6656494140625, 47.273638648884706, 131.66839599609375, 47.27550216573705]",1
T997,"[116.7572021484375, 48.716337032605665, 116.75994873046875, 48.71814916026478]",0
T998,"[119.4818115234375, 35.873472472521726, 119.48455810546875, 35.87569803249666]",1
T999,"[112.6263427734375, 34.51560953848203, 112.62908935546875, 34.51787261401661]",1
T1000,"[130.1495361328125, 46.297610989881086, 130.15228271484375, 46.29950860500901]",0
